<?xml version="1.0" encoding="utf-8" standalone="yes" ?>
<rss version="2.0" xmlns:atom="http://www.w3.org/2005/Atom">
  <channel>
    <title>Learn Hugo Blox in 10 minutes! | Urs Kalbitzer</title>
    <link>https://urskalbitzer.github.io/courses/hugo-blox/</link>
      <atom:link href="https://urskalbitzer.github.io/courses/hugo-blox/index.xml" rel="self" type="application/rss+xml" />
    <description>Learn Hugo Blox in 10 minutes!</description>
    <generator>Hugo Blox Builder (https://hugoblox.com)</generator><language>en-us</language><lastBuildDate>Wed, 24 Sep 2025 00:00:00 +0000</lastBuildDate>
    <image>
      <url>https://urskalbitzer.github.io/courses/hugo-blox/featured.jpg</url>
      <title>Learn Hugo Blox in 10 minutes!</title>
      <link>https://urskalbitzer.github.io/courses/hugo-blox/</link>
    </image>
    
    <item>
      <title>Getting Started</title>
      <link>https://urskalbitzer.github.io/courses/hugo-blox/getting-started/</link>
      <pubDate>Sat, 17 Feb 2024 00:00:00 +0000</pubDate>
      <guid>https://urskalbitzer.github.io/courses/hugo-blox/getting-started/</guid>
      <description>&lt;h2 id=&#34;quick-start-from-template&#34;&gt;Quick Start from Template&lt;/h2&gt;
&lt;div class=&#34;hb-steps&#34;&gt;
&lt;h3 id=&#34;create-a-site&#34;&gt;Create a site&lt;/h3&gt;
&lt;p&gt;
&lt;/p&gt;
&lt;h3 id=&#34;configure-your-new-site&#34;&gt;Configure your new site&lt;/h3&gt;
&lt;p&gt;
&lt;/p&gt;
&lt;h3 id=&#34;add-your-content&#34;&gt;Add your content&lt;/h3&gt;
&lt;p&gt;
&lt;/p&gt;
&lt;h3 id=&#34;publish-your-site&#34;&gt;Publish your site&lt;/h3&gt;
&lt;p&gt;Your site will automatically publish ~1-5 minutes after you commit (save) changes to files in your GitHub repository.&lt;/p&gt;
&lt;/div&gt;
&lt;h2 id=&#34;next&#34;&gt;Next&lt;/h2&gt;
&lt;p&gt;Let&amp;rsquo;s customize your new site:&lt;/p&gt;




&lt;div class=&#34;hb-cards mt-4 grid gap-4 not-prose&#34; style=&#34;--hb-cols: 1;&#34;&gt;
  
  &lt;a
    class=&#34;hb-card group&#34;href=&#34;../guide/project-structure&#34; &gt;
  
    &lt;span class=&#34;hb-card-title p-4&#34;&gt;
        &lt;svg style=&#34;height: 1em; width: 1em;&#34; xmlns=&#34;http://www.w3.org/2000/svg&#34; viewBox=&#34;0 0 24 24&#34;&gt;&lt;path fill=&#34;none&#34; stroke=&#34;currentColor&#34; stroke-linecap=&#34;round&#34; stroke-linejoin=&#34;round&#34; stroke-width=&#34;1.5&#34; d=&#34;M15.75 17.25v3.375c0 .621-.504 1.125-1.125 1.125h-9.75a1.125 1.125 0 0 1-1.125-1.125V7.875c0-.621.504-1.125 1.125-1.125H6.75a9.06 9.06 0 0 1 1.5.124m7.5 10.376h3.375c.621 0 1.125-.504 1.125-1.125V11.25c0-4.46-3.243-8.161-7.5-8.876a9.06 9.06 0 0 0-1.5-.124H9.375c-.621 0-1.125.504-1.125 1.125v3.5m7.5 10.375H9.375a1.125 1.125 0 0 1-1.125-1.125v-9.25m12 6.625v-1.875a3.375 3.375 0 0 0-3.375-3.375h-1.5a1.125 1.125 0 0 1-1.125-1.125v-1.5a3.375 3.375 0 0 0-3.375-3.375H9.75&#34;/&gt;&lt;/svg&gt;Project Structure&lt;/span&gt;&lt;/a&gt;

  &lt;a
    class=&#34;hb-card group&#34;href=&#34;../guide/configuration&#34; &gt;
  
    &lt;span class=&#34;hb-card-title p-4&#34;&gt;
        &lt;svg style=&#34;height: 1em; width: 1em;&#34; xmlns=&#34;http://www.w3.org/2000/svg&#34; viewBox=&#34;0 0 24 24&#34;&gt;&lt;path fill=&#34;none&#34; stroke=&#34;currentColor&#34; stroke-linecap=&#34;round&#34; stroke-linejoin=&#34;round&#34; stroke-width=&#34;1.5&#34; d=&#34;M6 13.5V3.75m0 9.75a1.5 1.5 0 0 1 0 3m0-3a1.5 1.5 0 0 0 0 3m0 3.75V16.5m12-3V3.75m0 9.75a1.5 1.5 0 0 1 0 3m0-3a1.5 1.5 0 0 0 0 3m0 3.75V16.5m-6-9V3.75m0 3.75a1.5 1.5 0 0 1 0 3m0-3a1.5 1.5 0 0 0 0 3m0 9.75V10.5&#34;/&gt;&lt;/svg&gt;Configuration&lt;/span&gt;&lt;/a&gt;

  &lt;a
    class=&#34;hb-card group&#34;href=&#34;../guide/formatting&#34; &gt;
  
    &lt;span class=&#34;hb-card-title p-4&#34;&gt;
        &lt;svg style=&#34;height: 1em; width: 1em;&#34; xmlns=&#34;http://www.w3.org/2000/svg&#34; viewBox=&#34;0 0 24 24&#34;&gt;&lt;path fill=&#34;none&#34; stroke=&#34;currentColor&#34; stroke-linecap=&#34;round&#34; stroke-linejoin=&#34;round&#34; stroke-width=&#34;1.5&#34; d=&#34;M15.75 17.25v3.375c0 .621-.504 1.125-1.125 1.125h-9.75a1.125 1.125 0 0 1-1.125-1.125V7.875c0-.621.504-1.125 1.125-1.125H6.75a9.06 9.06 0 0 1 1.5.124m7.5 10.376h3.375c.621 0 1.125-.504 1.125-1.125V11.25c0-4.46-3.243-8.161-7.5-8.876a9.06 9.06 0 0 0-1.5-.124H9.375c-.621 0-1.125.504-1.125 1.125v3.5m7.5 10.375H9.375a1.125 1.125 0 0 1-1.125-1.125v-9.25m12 6.625v-1.875a3.375 3.375 0 0 0-3.375-3.375h-1.5a1.125 1.125 0 0 1-1.125-1.125v-1.5a3.375 3.375 0 0 0-3.375-3.375H9.75&#34;/&gt;&lt;/svg&gt;Create content&lt;/span&gt;&lt;/a&gt;


&lt;/div&gt;

</description>
    </item>
    
  </channel>
</rss>
