<?xml version="1.0" encoding="utf-8" standalone="yes" ?>
<rss version="2.0" xmlns:atom="http://www.w3.org/2005/Atom">
  <channel>
    <title>Projects | Urs Kalbitzer</title>
    <link>https://urskalbitzer.github.io/projects/</link>
      <atom:link href="https://urskalbitzer.github.io/projects/index.xml" rel="self" type="application/rss+xml" />
    <description>Projects</description>
    <generator>Hugo Blox Builder (https://hugoblox.com)</generator><language>en-us</language><lastBuildDate>Sun, 19 May 2024 00:00:00 +0000</lastBuildDate>
    <image>
      <url>https://urskalbitzer.github.io/media/icon_hu_982c5d63a71b2961.png</url>
      <title>Projects</title>
      <link>https://urskalbitzer.github.io/projects/</link>
    </image>
    
    <item>
      <title>Primate responses to changing environments.</title>
      <link>https://urskalbitzer.github.io/projects/01_changing-environments/</link>
      <pubDate>Mon, 30 Jan 2023 00:00:00 +0000</pubDate>
      <guid>https://urskalbitzer.github.io/projects/01_changing-environments/</guid>
      <description>&lt;p&gt;According to the IUCN, 
. Environmental changes linked to human activities include climate change, landscape modifications, hunting and other interactions between human and non-human primates. On the one hand, primates seem to be especially vulnerable to these rapid changes because of their slow life-histories and long generation times. On the other hand, primates show considerable behavioral flexibility, which may help them to respond to environmental change in an adaptive way 
.&lt;/p&gt;
&lt;p&gt;The question as to how such flexibility may help animals to respond to environmental changes associated with the 
 is often discussed in behavioral ecology (e.g. 
 or 
), and insights from respective studies will help to improve the survival of endangered species. Together with collaborators, I have shown that extreme climate events impact food availability, behavior, infant survival and reproductive activity in fruit-eating spider (&lt;em&gt;Ateles&lt;/em&gt; spp.) and capuchin (&lt;em&gt;Cebus imitator&lt;/em&gt;) monkeys (
; 
). I would like to continue contributing to this discussion by investigating how environmental changes affect individual behavioral patterns and survival, and, ultimately, population dynamics in different species of primates.&lt;/p&gt;
&lt;p&gt;My research group and I now investigate the &lt;strong&gt;cascading effects of climate change on food availability, behavior and survival&lt;/strong&gt; in the leaf-eating, endangered red colobus (&lt;em&gt;Piliocolobus tephrosceles&lt;/em&gt;) in Kibale National Park, Uganda. We combine long-term data analysis with computational simulations to investigate how climate patterns are linked to the availability of young leaves (red colobus&amp;rsquo; primary diet), and how both climate and food availability impact their behavior, fitness, and population dynamics. As part of this project, we are developing computer simulations that explore the reliability of food preference indices in different foraging contexts. Based on our results, we will use the appropriate tools to investigate the dietary requirements of red colobus and how their essential nutrients are impacted by climate patterns.&lt;/p&gt;
</description>
    </item>
    
    <item>
      <title>Nutritional landscapes, animal behavior, and forest composition</title>
      <link>https://urskalbitzer.github.io/projects/02_behav_landscapes/</link>
      <pubDate>Sun, 29 Jan 2023 00:00:00 +0000</pubDate>
      <guid>https://urskalbitzer.github.io/projects/02_behav_landscapes/</guid>
      <description>&lt;p&gt;Many theories about the ecology and evolution of behavior are centered around food resource distribution but the assessments of such distribution are often extremely coarse, and rely on broad categories, such as fruit versus leaves. Therefore, I am exploring new techniques to model temporal and spatial food resource distribution in Kibale and other forested areas. I am mapping large forest areas using drone imagery data, 3D reconstructions of trees, and computer algorithms, and will combine these maps with fruiting and leafing phenology patterns observed in Kibale since 1990 (Kalbitzer et al., Invited for Resubmission) to create “nutritional landscapes”. These landscapes can then be used to investigate how resource distribution is linked to animal behavior. For example, we know that red colobus have high long-term site fidelity (Kalbitzer et al., accepted), and we are now investigating how landscape features, social factors, dietary requirements, and resource distribution affect their movement and foraging patterns. Furthermore, I am planning to use the mapped forest areas to study how climate and the distribution and behavior of animal populations is linked to forest composition (
).&lt;/p&gt;
</description>
    </item>
    
    <item>
      <title>Primate behavioral evolution</title>
      <link>https://urskalbitzer.github.io/projects/03_behav_evol/</link>
      <pubDate>Sat, 28 Jan 2023 00:00:00 +0000</pubDate>
      <guid>https://urskalbitzer.github.io/projects/03_behav_evol/</guid>
      <description>&lt;p&gt;Complimentary to my other research, I am investigating the evolution of primate social behavior. My work has resulted in insights into variation in male and female social behavior, hormonal patterns, and genetic polymorphisms among different species of baboons and other primates (Kalbitzer et al., 2015, 2016, 2017; Kalbitzer &amp;amp; Chapman, 2021), the effects of maternal sociality and male behavior on infant survival in capuchin monkeys (Kalbitzer et al., 2017), and the link between feeding competition and energetic condition in female capuchins (Bergstrom et al., 2020). For more details, please follow the links to my projects on 
 and 
.&lt;br&gt;
This research also highlights how behavioral effects (namely, the effects of infanticide) can overshadow climatic effects on primate survival (Campos et al., 2020), stressing that behavioral dimensions have to be considered when investigating the impact of environmental change on animals. My future goal in this area is to investigate how interspecific variability in social- and non-social behavior is linked to ecological factors and fitness across a large number of mammalian species by conducting comparative studies using published data on behavior, life-history parameters, and ecology in combination with the development of computer simulations of virtual animal populations.&lt;/p&gt;
</description>
    </item>
    
    <item>
      <title>Female sociability and fitness in primates</title>
      <link>https://urskalbitzer.github.io/projects/04_female-sociability/</link>
      <pubDate>Wed, 03 Jul 2019 00:00:00 +0000</pubDate>
      <guid>https://urskalbitzer.github.io/projects/04_female-sociability/</guid>
      <description>&lt;p&gt;In many mammals, including humans, individuals form groups in which social relationships can be highly differentiated (i.e., some individuals form strong relationships, while others only have weak ones). As a result, some individuals are socially better integrated than others, which appears to be beneficial for these individuals. For example,
other researchers have documented that social integration and support in humans have positive effects on health and longevity (e.g., 
), and increase the reproductive success (
). Similarly, highly social female 
, 
, and baboons (
, 
, or 
) exhibit greater fitness parameters, such as offspring survival or longevity, than socially less well integrated individuals.&lt;/p&gt;
&lt;p&gt;One of my interests is in understanding how female sociability in primates confers these benefits. A study on white-faced capuchins that I conducted during my postdoc with 
 at the University of Calgary showed that infants of highly social females exhibited greater survival during stable periods, but these infants were at greater risk of dying or disappearing during periods of alpha male replacements (
). Probably, new alpha males, which often commit infanticide in this species, are more likely to target the infants of highly social, and therefore central, females. This example illustrates that sociability can also have costs and, therefore, can represent a trade-off in some species. &amp;ndash; See the feature in the 
.&lt;/p&gt;
&lt;p&gt;Our study suggested a mechanism that imposes costs on sociability (i.e., being spatially central in the group during alpha male replacements), but what are the mechanisms that provide benefits to sociability? I am currently investigating this question with a variety of approaches, including social network analyses, analyzing alloparenting behavior, and comparing c-peptide levels among female capuchins.&lt;/p&gt;
&lt;p&gt;Furthermore, I extended this research to red colobus monkeys in Uganda in collaboration with 
. This species has a very different type of diet (leaves) from capuchins (mostly fruit and insects), and we are using dynamic social network analyses to investigate how social relationships and the benefits of sociability change depending on the distribution, availability, and nutritional quality of food resources, and how this variation affects offspring survival. For this investigation, we are building on more than a decade of demographic data and collecting data on feeding and social behavior within an ecologically well assessed habitat.&lt;/p&gt;
</description>
    </item>
    
    <item>
      <title>Male-male competition and tolerance in baboons.</title>
      <link>https://urskalbitzer.github.io/projects/05_male-competition/</link>
      <pubDate>Mon, 01 Jul 2019 00:00:00 +0000</pubDate>
      <guid>https://urskalbitzer.github.io/projects/05_male-competition/</guid>
      <description>&lt;p&gt;In mammals, the most common male reproductive strategy is to compete intensely over access to receptive females, and males show little interest in cooperating with each other. However, there are exceptions to this pattern and even males of closely related species can greatly differ. Baboons (&lt;em&gt;Papio&lt;/em&gt; spp.) represent such a genus with variation in male reproductive strategies despite their recent common ancestry (around 2 mya).&lt;/p&gt;
&lt;p&gt;For my PhD thesis with 
, I compared the social behavior between males of two baboon species, chacma baboons in Botswana and Guinea baboons in Senegal because males of these two species appear to represent opposite extremes in terms of their reproductive strategies. Male chacma baboons usually compete intensely to achieve a high dominance rank that provides access to receptive females and, consequently, high reproductive success. On the other hand, male Guinea baboons had been described as living in a multi-level society, with long-term bonds between males and females, male-male cooperation and unknown male dominance relationships.&lt;/p&gt;
&lt;p&gt;My research demonstrated that males of both species also differed in their aggressiveness and tolerance (
). Male chacma baboons were mainly intolerant of each other, often had agonistic interactions and fights that regularly resulted in serious injuries:&lt;/p&gt;
&lt;figure&gt;&lt;img src=&#34;https://urskalbitzer.github.io/projects/05_male-competition/male_chacma_wound.jpg&#34;&gt;&lt;figcaption&gt;
      &lt;h4&gt;Male chacma baboon with a wound after a fight with another male. Photo by Urs Kalbitzer.&lt;/h4&gt;
    &lt;/figcaption&gt;
&lt;/figure&gt;

&lt;p&gt;In contrast, male Guinea baboons exhibited a high tolerance of each other and even showed affiliative behaviors towards each other (see picture at the top if this page).&lt;/p&gt;
&lt;p&gt;This difference in social behavior also has consequences for the physiological costs of reproductive behavior: glucocorticoid levels of &amp;lsquo;consorting&amp;rsquo; male chacma baboons (males that closely follow an estrous female), are elevated compared to baseline conditions, while such an effect was not observed in the highly tolerant Guinea baboons.&lt;/p&gt;
&lt;p&gt;Contrary to what previous research would lead one to believe, a comparison of genetic polymorphisms previously linked to variation in aggressiveness in humans and non-human primates (&lt;em&gt;MAOALPR&lt;/em&gt;, &lt;em&gt;5-HTTLPR&lt;/em&gt;), carried out across five species of baboons did not indicate a link between these polymorphisms and interspecific variation in behavior (
)&lt;/p&gt;
&lt;p&gt;I summarized this work in the 
&lt;/p&gt;
</description>
    </item>
    
  </channel>
</rss>
