<?xml version="1.0" encoding="utf-8" standalone="yes" ?>
<rss version="2.0" xmlns:atom="http://www.w3.org/2005/Atom">
  <channel>
    <title>Seedling Growth | Urs Kalbitzer</title>
    <link>https://urskalbitzer.github.io/tags/seedling-growth/</link>
      <atom:link href="https://urskalbitzer.github.io/tags/seedling-growth/index.xml" rel="self" type="application/rss+xml" />
    <description>Seedling Growth</description>
    <generator>Hugo Blox Builder (https://hugoblox.com)</generator><language>en-us</language><lastBuildDate>Fri, 01 Mar 2019 00:00:00 +0000</lastBuildDate>
    <image>
      <url>https://urskalbitzer.github.io/media/icon_hu_982c5d63a71b2961.png</url>
      <title>Seedling Growth</title>
      <link>https://urskalbitzer.github.io/tags/seedling-growth/</link>
    </image>
    
    <item>
      <title>Does the presence of elephant dung create hotspots of growth for existing seedlings?</title>
      <link>https://urskalbitzer.github.io/publications/kalbitzer-does-2019/</link>
      <pubDate>Fri, 01 Mar 2019 00:00:00 +0000</pubDate>
      <guid>https://urskalbitzer.github.io/publications/kalbitzer-does-2019/</guid>
      <description></description>
    </item>
    
  </channel>
</rss>
