<?xml version="1.0" encoding="utf-8" standalone="yes" ?>
<rss version="2.0" xmlns:atom="http://www.w3.org/2005/Atom">
  <channel>
    <title>Habitat Quality | Urs Kalbitzer</title>
    <link>https://urskalbitzer.github.io/tags/habitat-quality/</link>
      <atom:link href="https://urskalbitzer.github.io/tags/habitat-quality/index.xml" rel="self" type="application/rss+xml" />
    <description>Habitat Quality</description>
    <generator>Hugo Blox Builder (https://hugoblox.com)</generator><language>en-us</language><lastBuildDate>Sun, 01 Jan 2023 00:00:00 +0000</lastBuildDate>
    <image>
      <url>https://urskalbitzer.github.io/media/icon_hu_982c5d63a71b2961.png</url>
      <title>Habitat Quality</title>
      <link>https://urskalbitzer.github.io/tags/habitat-quality/</link>
    </image>
    
    <item>
      <title>Site Fidelity and Home Range Shifts in a Leaf-Eating Primate</title>
      <link>https://urskalbitzer.github.io/publications/kalbitzer-site-2023/</link>
      <pubDate>Sun, 01 Jan 2023 00:00:00 +0000</pubDate>
      <guid>https://urskalbitzer.github.io/publications/kalbitzer-site-2023/</guid>
      <description></description>
    </item>
    
  </channel>
</rss>
