<?xml version="1.0" encoding="utf-8" standalone="yes" ?>
<rss version="2.0" xmlns:atom="http://www.w3.org/2005/Atom">
  <channel>
    <title>Survival Analysis | Urs Kalbitzer</title>
    <link>https://urskalbitzer.github.io/tags/survival-analysis/</link>
      <atom:link href="https://urskalbitzer.github.io/tags/survival-analysis/index.xml" rel="self" type="application/rss+xml" />
    <description>Survival Analysis</description>
    <generator>Hugo Blox Builder (https://hugoblox.com)</generator><language>en-us</language><lastBuildDate>Fri, 01 Jan 2021 00:00:00 +0000</lastBuildDate>
    <image>
      <url>https://urskalbitzer.github.io/media/icon_hu_982c5d63a71b2961.png</url>
      <title>Survival Analysis</title>
      <link>https://urskalbitzer.github.io/tags/survival-analysis/</link>
    </image>
    
    <item>
      <title>Costs of male infanticide for female capuchins: When does an adaptive male reproductive strategy become costly for females and detrimental to population viability?</title>
      <link>https://urskalbitzer.github.io/publications/fedigan-costs-2021/</link>
      <pubDate>Fri, 01 Jan 2021 00:00:00 +0000</pubDate>
      <guid>https://urskalbitzer.github.io/publications/fedigan-costs-2021/</guid>
      <description></description>
    </item>
    
  </channel>
</rss>
