<?xml version="1.0" encoding="utf-8" standalone="yes" ?>
<rss version="2.0" xmlns:atom="http://www.w3.org/2005/Atom">
  <channel>
    <title>Nutrient | Urs Kalbitzer</title>
    <link>https://urskalbitzer.github.io/tags/nutrient/</link>
      <atom:link href="https://urskalbitzer.github.io/tags/nutrient/index.xml" rel="self" type="application/rss+xml" />
    <description>Nutrient</description>
    <generator>Hugo Blox Builder (https://hugoblox.com)</generator><language>en-us</language><lastBuildDate>Sat, 01 Jun 2019 00:00:00 +0000</lastBuildDate>
    <image>
      <url>https://urskalbitzer.github.io/media/icon_hu_982c5d63a71b2961.png</url>
      <title>Nutrient</title>
      <link>https://urskalbitzer.github.io/tags/nutrient/</link>
    </image>
    
    <item>
      <title>Primates create seedling growth hotspots through pattern of dung deposition</title>
      <link>https://urskalbitzer.github.io/publications/kalbitzer-primates-2019/</link>
      <pubDate>Sat, 01 Jun 2019 00:00:00 +0000</pubDate>
      <guid>https://urskalbitzer.github.io/publications/kalbitzer-primates-2019/</guid>
      <description></description>
    </item>
    
    <item>
      <title>Does the presence of elephant dung create hotspots of growth for existing seedlings?</title>
      <link>https://urskalbitzer.github.io/publications/kalbitzer-does-2019/</link>
      <pubDate>Fri, 01 Mar 2019 00:00:00 +0000</pubDate>
      <guid>https://urskalbitzer.github.io/publications/kalbitzer-does-2019/</guid>
      <description></description>
    </item>
    
  </channel>
</rss>
