<?xml version="1.0" encoding="utf-8" standalone="yes" ?>
<rss version="2.0" xmlns:atom="http://www.w3.org/2005/Atom">
  <channel>
    <title>Recent &amp; Upcoming Talks | Urs Kalbitzer</title>
    <link>https://urskalbitzer.github.io/events/</link>
      <atom:link href="https://urskalbitzer.github.io/events/index.xml" rel="self" type="application/rss+xml" />
    <description>Recent &amp; Upcoming Talks</description>
    <generator>Hugo Blox Builder (https://hugoblox.com)</generator><language>en-us</language><lastBuildDate>Sat, 01 Jun 2030 13:00:00 +0000</lastBuildDate>
    <image>
      <url>https://urskalbitzer.github.io/media/icon_hu_982c5d63a71b2961.png</url>
      <title>Recent &amp; Upcoming Talks</title>
      <link>https://urskalbitzer.github.io/events/</link>
    </image>
    
    <item>
      <title>Example Talk</title>
      <link>https://urskalbitzer.github.io/events/example/</link>
      <pubDate>Sat, 01 Jun 2030 13:00:00 +0000</pubDate>
      <guid>https://urskalbitzer.github.io/events/example/</guid>
      <description>


  
  
  
  
  





  
  
  














  
  
  
  


&lt;div class=&#34;callout flex px-4 py-3 mb-6 rounded-md border-l-4 bg-blue-100 dark:bg-blue-900 border-blue-500&#34; 
     data-callout=&#34;note&#34; 
     data-callout-metadata=&#34;&#34;&gt;
  &lt;span class=&#34;callout-icon pr-3 pt-1 text-blue-600 dark:text-blue-300&#34;&gt;
    &lt;svg height=&#34;24&#34; xmlns=&#34;http://www.w3.org/2000/svg&#34; viewBox=&#34;0 0 24 24&#34;&gt;&lt;path fill=&#34;none&#34; stroke=&#34;currentColor&#34; stroke-linecap=&#34;round&#34; stroke-linejoin=&#34;round&#34; stroke-width=&#34;1.5&#34; d=&#34;m16.862 4.487l1.687-1.688a1.875 1.875 0 1 1 2.652 2.652L6.832 19.82a4.5 4.5 0 0 1-1.897 1.13l-2.685.8l.8-2.685a4.5 4.5 0 0 1 1.13-1.897zm0 0L19.5 7.125&#34;/&gt;&lt;/svg&gt;
  &lt;/span&gt;
  &lt;div class=&#34;callout-content dark:text-neutral-300&#34;&gt;
    &lt;div class=&#34;callout-title font-semibold mb-1&#34;&gt;Note&lt;/div&gt;
    &lt;div class=&#34;callout-body&#34;&gt;&lt;p&gt;Click on the &lt;strong&gt;Slides&lt;/strong&gt; button above to view the built-in slides feature.&lt;/p&gt;&lt;/div&gt;
  &lt;/div&gt;
&lt;/div&gt;

&lt;p&gt;Slides can be added in a few ways:&lt;/p&gt;
&lt;ul&gt;
&lt;li&gt;&lt;strong&gt;Create&lt;/strong&gt; slides using Hugo Blox Builder&amp;rsquo;s 
 feature and link using the &lt;code&gt;slides&lt;/code&gt; parameter in the front matter of the talk file&lt;/li&gt;
&lt;li&gt;&lt;strong&gt;Upload&lt;/strong&gt; an existing slide deck to this page bundle and link it using &lt;code&gt;links: [{ type: slides, url: path/to/file } ]&lt;/code&gt; in front matter&lt;/li&gt;
&lt;li&gt;&lt;strong&gt;Embed&lt;/strong&gt; your slides (e.g. Google Slides) or presentation video on this page using 
.&lt;/li&gt;
&lt;/ul&gt;
&lt;p&gt;Further event details, including 
 such as image galleries, can be added to the body of this page.&lt;/p&gt;
</description>
    </item>
    
  </channel>
</rss>
