<?xml version="1.0" encoding="utf-8" standalone="yes" ?>
<rss version="2.0" xmlns:atom="http://www.w3.org/2005/Atom">
  <channel>
    <title>Conservation Education | Urs Kalbitzer</title>
    <link>https://urskalbitzer.github.io/tags/conservation-education/</link>
      <atom:link href="https://urskalbitzer.github.io/tags/conservation-education/index.xml" rel="self" type="application/rss+xml" />
    <description>Conservation Education</description>
    <generator>Hugo Blox Builder (https://hugoblox.com)</generator><language>en-us</language><lastBuildDate>Sun, 01 May 2022 00:00:00 +0000</lastBuildDate>
    <image>
      <url>https://urskalbitzer.github.io/media/icon_hu_982c5d63a71b2961.png</url>
      <title>Conservation Education</title>
      <link>https://urskalbitzer.github.io/tags/conservation-education/</link>
    </image>
    
    <item>
      <title>Social media’s potential to promote conservation at the local level: an assessment in eleven primate range countries</title>
      <link>https://urskalbitzer.github.io/publications/twining-ward-social-2022/</link>
      <pubDate>Sun, 01 May 2022 00:00:00 +0000</pubDate>
      <guid>https://urskalbitzer.github.io/publications/twining-ward-social-2022/</guid>
      <description></description>
    </item>
    
  </channel>
</rss>
