<?xml version="1.0" encoding="utf-8" standalone="yes" ?>
<rss version="2.0" xmlns:atom="http://www.w3.org/2005/Atom">
  <channel>
    <title>Course | Urs Kalbitzer</title>
    <link>https://urskalbitzer.github.io/tags/course/</link>
      <atom:link href="https://urskalbitzer.github.io/tags/course/index.xml" rel="self" type="application/rss+xml" />
    <description>Course</description>
    <generator>Hugo Blox Builder (https://hugoblox.com)</generator><language>en-us</language><lastBuildDate>Wed, 24 Sep 2025 00:00:00 +0000</lastBuildDate>
    <image>
      <url>https://urskalbitzer.github.io/media/icon_hu_982c5d63a71b2961.png</url>
      <title>Course</title>
      <link>https://urskalbitzer.github.io/tags/course/</link>
    </image>
    
    <item>
      <title>Learn Hugo Blox in 10 minutes!</title>
      <link>https://urskalbitzer.github.io/courses/hugo-blox/</link>
      <pubDate>Wed, 24 Sep 2025 00:00:00 +0000</pubDate>
      <guid>https://urskalbitzer.github.io/courses/hugo-blox/</guid>
      <description>&lt;p&gt;👋 Welcome to your shiny new site. Ready to learn more?&lt;/p&gt;
&lt;p&gt;This course provides a brief introduction to creating and editing your site with Hugo Blox. For full documentation, refer to the 
.&lt;/p&gt;
&lt;h2 id=&#34;next&#34;&gt;Next&lt;/h2&gt;




&lt;div class=&#34;hb-cards mt-4 grid gap-4 not-prose&#34; style=&#34;--hb-cols: 1;&#34;&gt;
  
  &lt;a
    class=&#34;hb-card group&#34;href=&#34;getting-started&#34; &gt;
  
    &lt;span class=&#34;hb-card-title pt-4 px-4&#34;&gt;
        &lt;svg style=&#34;height: 1em; width: 1em;&#34; xmlns=&#34;http://www.w3.org/2000/svg&#34; viewBox=&#34;0 0 24 24&#34;&gt;&lt;path fill=&#34;none&#34; stroke=&#34;currentColor&#34; stroke-linecap=&#34;round&#34; stroke-linejoin=&#34;round&#34; stroke-width=&#34;1.5&#34; d=&#34;M19.5 14.25v-2.625a3.375 3.375 0 0 0-3.375-3.375h-1.5A1.125 1.125 0 0 1 13.5 7.125v-1.5a3.375 3.375 0 0 0-3.375-3.375H8.25m0 12.75h7.5m-7.5 3H12M10.5 2.25H5.625c-.621 0-1.125.504-1.125 1.125v17.25c0 .621.504 1.125 1.125 1.125h12.75c.621 0 1.125-.504 1.125-1.125V11.25a9 9 0 0 0-9-9&#34;/&gt;&lt;/svg&gt;Get Started&lt;/span&gt;&lt;div class=&#34;hb-card-subtitle&#34;&gt;Setup your new site in just 5 minutes!&lt;/div&gt;&lt;/a&gt;


&lt;/div&gt;</description>
    </item>
    
  </channel>
</rss>
