<?xml version="1.0" encoding="utf-8" standalone="yes" ?>
<rss version="2.0" xmlns:atom="http://www.w3.org/2005/Atom">
  <channel>
    <title>Infanticide | Urs Kalbitzer</title>
    <link>https://urskalbitzer.github.io/tags/infanticide/</link>
      <atom:link href="https://urskalbitzer.github.io/tags/infanticide/index.xml" rel="self" type="application/rss+xml" />
    <description>Infanticide</description>
    <generator>Hugo Blox Builder (https://hugoblox.com)</generator><language>en-us</language><lastBuildDate>Wed, 01 Feb 2017 00:00:00 +0000</lastBuildDate>
    <image>
      <url>https://urskalbitzer.github.io/media/icon_hu_982c5d63a71b2961.png</url>
      <title>Infanticide</title>
      <link>https://urskalbitzer.github.io/tags/infanticide/</link>
    </image>
    
    <item>
      <title>Female sociality and sexual conflict shape offspring survival in a Neotropical primate</title>
      <link>https://urskalbitzer.github.io/publications/kalbitzer-female-2017/</link>
      <pubDate>Wed, 01 Feb 2017 00:00:00 +0000</pubDate>
      <guid>https://urskalbitzer.github.io/publications/kalbitzer-female-2017/</guid>
      <description></description>
    </item>
    
  </channel>
</rss>
