<?xml version="1.0" encoding="utf-8" standalone="yes" ?>
<rss version="2.0" xmlns:atom="http://www.w3.org/2005/Atom">
  <channel>
    <title>Plant Reproduction | Urs Kalbitzer</title>
    <link>https://urskalbitzer.github.io/tags/plant-reproduction/</link>
      <atom:link href="https://urskalbitzer.github.io/tags/plant-reproduction/index.xml" rel="self" type="application/rss+xml" />
    <description>Plant Reproduction</description>
    <generator>Hugo Blox Builder (https://hugoblox.com)</generator><language>en-us</language><lastBuildDate>Sat, 01 Jan 2022 00:00:00 +0000</lastBuildDate>
    <image>
      <url>https://urskalbitzer.github.io/media/icon_hu_982c5d63a71b2961.png</url>
      <title>Plant Reproduction</title>
      <link>https://urskalbitzer.github.io/tags/plant-reproduction/</link>
    </image>
    
    <item>
      <title>MASTREE&#43;: Time-series of plant reproductive effort from six continents</title>
      <link>https://urskalbitzer.github.io/publications/hacket-pain-mastree-2022/</link>
      <pubDate>Sat, 01 Jan 2022 00:00:00 +0000</pubDate>
      <guid>https://urskalbitzer.github.io/publications/hacket-pain-mastree-2022/</guid>
      <description></description>
    </item>
    
  </channel>
</rss>
