<?xml version="1.0" encoding="utf-8" standalone="yes" ?>
<rss version="2.0" xmlns:atom="http://www.w3.org/2005/Atom">
  <channel>
    <title>Dominance | Urs Kalbitzer</title>
    <link>https://urskalbitzer.github.io/tags/dominance/</link>
      <atom:link href="https://urskalbitzer.github.io/tags/dominance/index.xml" rel="self" type="application/rss+xml" />
    <description>Dominance</description>
    <generator>Hugo Blox Builder (https://hugoblox.com)</generator><language>en-us</language><lastBuildDate>Sat, 01 Feb 2020 00:00:00 +0000</lastBuildDate>
    <image>
      <url>https://urskalbitzer.github.io/media/icon_hu_982c5d63a71b2961.png</url>
      <title>Dominance</title>
      <link>https://urskalbitzer.github.io/tags/dominance/</link>
    </image>
    
    <item>
      <title>Non-invasive estimation of the costs of feeding competition in a neotropical primate</title>
      <link>https://urskalbitzer.github.io/publications/bergstrom-non-invasive-2020/</link>
      <pubDate>Sat, 01 Feb 2020 00:00:00 +0000</pubDate>
      <guid>https://urskalbitzer.github.io/publications/bergstrom-non-invasive-2020/</guid>
      <description></description>
    </item>
    
  </channel>
</rss>
