<?xml version="1.0" encoding="utf-8" standalone="yes" ?>
<rss version="2.0" xmlns:atom="http://www.w3.org/2005/Atom">
  <channel>
    <title>Cebus | Urs Kalbitzer</title>
    <link>https://urskalbitzer.github.io/tags/cebus/</link>
      <atom:link href="https://urskalbitzer.github.io/tags/cebus/index.xml" rel="self" type="application/rss+xml" />
    <description>Cebus</description>
    <generator>Hugo Blox Builder (https://hugoblox.com)</generator><language>en-us</language><lastBuildDate>Sat, 01 Jul 2017 00:00:00 +0000</lastBuildDate>
    <image>
      <url>https://urskalbitzer.github.io/media/icon_hu_982c5d63a71b2961.png</url>
      <title>Cebus</title>
      <link>https://urskalbitzer.github.io/tags/cebus/</link>
    </image>
    
    <item>
      <title>How to cultivate a tree: Celebrating the career of Linda Marie Fedigan</title>
      <link>https://urskalbitzer.github.io/publications/jack-how-2017/</link>
      <pubDate>Sat, 01 Jul 2017 00:00:00 +0000</pubDate>
      <guid>https://urskalbitzer.github.io/publications/jack-how-2017/</guid>
      <description></description>
    </item>
    
  </channel>
</rss>
