<?xml version="1.0" encoding="utf-8" standalone="yes" ?>
<rss version="2.0" xmlns:atom="http://www.w3.org/2005/Atom">
  <channel>
    <title>Nested Multi-Level Society | Urs Kalbitzer</title>
    <link>https://urskalbitzer.github.io/tags/nested-multi-level-society/</link>
      <atom:link href="https://urskalbitzer.github.io/tags/nested-multi-level-society/index.xml" rel="self" type="application/rss+xml" />
    <description>Nested Multi-Level Society</description>
    <generator>Hugo Blox Builder (https://hugoblox.com)</generator><language>en-us</language><lastBuildDate>Sun, 01 Jan 2017 00:00:00 +0000</lastBuildDate>
    <image>
      <url>https://urskalbitzer.github.io/media/icon_hu_982c5d63a71b2961.png</url>
      <title>Nested Multi-Level Society</title>
      <link>https://urskalbitzer.github.io/tags/nested-multi-level-society/</link>
    </image>
    
    <item>
      <title>Charting the neglected West: The social system of Guinea baboons</title>
      <link>https://urskalbitzer.github.io/publications/fischer-charting-2017/</link>
      <pubDate>Sun, 01 Jan 2017 00:00:00 +0000</pubDate>
      <guid>https://urskalbitzer.github.io/publications/fischer-charting-2017/</guid>
      <description></description>
    </item>
    
  </channel>
</rss>
