<?xml version="1.0" encoding="utf-8" standalone="yes" ?>
<rss version="2.0" xmlns:atom="http://www.w3.org/2005/Atom">
  <channel>
    <title>Multilevel Society | Urs Kalbitzer</title>
    <link>https://urskalbitzer.github.io/tags/multilevel-society/</link>
      <atom:link href="https://urskalbitzer.github.io/tags/multilevel-society/index.xml" rel="self" type="application/rss+xml" />
    <description>Multilevel Society</description>
    <generator>Hugo Blox Builder (https://hugoblox.com)</generator><language>en-us</language><lastBuildDate>Wed, 01 Oct 2014 00:00:00 +0000</lastBuildDate>
    <image>
      <url>https://urskalbitzer.github.io/media/icon_hu_982c5d63a71b2961.png</url>
      <title>Multilevel Society</title>
      <link>https://urskalbitzer.github.io/tags/multilevel-society/</link>
    </image>
    
    <item>
      <title>Male tolerance and male–male bonds in a multilevel primate society</title>
      <link>https://urskalbitzer.github.io/publications/patzelt-male-2014/</link>
      <pubDate>Wed, 01 Oct 2014 00:00:00 +0000</pubDate>
      <guid>https://urskalbitzer.github.io/publications/patzelt-male-2014/</guid>
      <description></description>
    </item>
    
  </channel>
</rss>
