<?xml version="1.0" encoding="utf-8" standalone="yes" ?>
<rss version="2.0" xmlns:atom="http://www.w3.org/2005/Atom">
  <channel>
    <title>Forest Regeneration | Urs Kalbitzer</title>
    <link>https://urskalbitzer.github.io/tags/forest-regeneration/</link>
      <atom:link href="https://urskalbitzer.github.io/tags/forest-regeneration/index.xml" rel="self" type="application/rss+xml" />
    <description>Forest Regeneration</description>
    <generator>Hugo Blox Builder (https://hugoblox.com)</generator><language>en-us</language><lastBuildDate>Fri, 01 Oct 2021 00:00:00 +0000</lastBuildDate>
    <image>
      <url>https://urskalbitzer.github.io/media/icon_hu_982c5d63a71b2961.png</url>
      <title>Forest Regeneration</title>
      <link>https://urskalbitzer.github.io/tags/forest-regeneration/</link>
    </image>
    
    <item>
      <title>A 40-year evaluation of drivers of African rainforest change</title>
      <link>https://urskalbitzer.github.io/publications/chapman-40-year-2021/</link>
      <pubDate>Fri, 01 Oct 2021 00:00:00 +0000</pubDate>
      <guid>https://urskalbitzer.github.io/publications/chapman-40-year-2021/</guid>
      <description></description>
    </item>
    
  </channel>
</rss>
