<?xml version="1.0" encoding="utf-8" standalone="yes" ?>
<rss version="2.0" xmlns:atom="http://www.w3.org/2005/Atom">
  <channel>
    <title>HugoBlox | Hugo Academic CV Theme</title>
    <link>https://example.com/tags/hugoblox/</link>
      <atom:link href="https://example.com/tags/hugoblox/index.xml" rel="self" type="application/rss+xml" />
    <description>HugoBlox</description>
    <generator>Hugo Blox Builder (https://hugoblox.com)</generator><language>en-us</language><lastBuildDate>Thu, 26 Oct 2023 00:00:00 +0000</lastBuildDate>
    <image>
      <url>https://example.com/media/icon_hu_982c5d63a71b2961.png</url>
      <title>HugoBlox</title>
      <link>https://example.com/tags/hugoblox/</link>
    </image>
    
    <item>
      <title>Pandas</title>
      <link>https://example.com/projects/pandas/</link>
      <pubDate>Thu, 26 Oct 2023 00:00:00 +0000</pubDate>
      <guid>https://example.com/projects/pandas/</guid>
      <description>&lt;p&gt;Flexible and powerful data analysis / manipulation library for Python, providing labeled data structures.&lt;/p&gt;</description>
    </item>
    
    <item>
      <title>PyTorch</title>
      <link>https://example.com/projects/pytorch/</link>
      <pubDate>Thu, 26 Oct 2023 00:00:00 +0000</pubDate>
      <guid>https://example.com/projects/pytorch/</guid>
      <description>&lt;p&gt;PyTorch is a Python package that provides tensor computation (like NumPy) with strong GPU acceleration.&lt;/p&gt;</description>
    </item>
    
    <item>
      <title>scikit-learn</title>
      <link>https://example.com/projects/scikit/</link>
      <pubDate>Thu, 26 Oct 2023 00:00:00 +0000</pubDate>
      <guid>https://example.com/projects/scikit/</guid>
      <description>&lt;p&gt;scikit-learn is a Python module for machine learning built on top of SciPy and is distributed under the 3-Clause BSD license.&lt;/p&gt;</description>
    </item>
    
  </channel>
</rss>
