<?xml version="1.0" encoding="utf-8" standalone="yes" ?>
<rss version="2.0" xmlns:atom="http://www.w3.org/2005/Atom">
  <channel>
    <title>Manuscript | Urs Kalbitzer</title>
    <link>https://urskalbitzer.github.io/publication_types/manuscript/</link>
      <atom:link href="https://urskalbitzer.github.io/publication_types/manuscript/index.xml" rel="self" type="application/rss+xml" />
    <description>Manuscript</description>
    <generator>Hugo Blox Builder (https://hugoblox.com)</generator><language>en-us</language><lastBuildDate>Wed, 01 Jan 2025 00:00:00 +0000</lastBuildDate>
    <image>
      <url>https://urskalbitzer.github.io/media/icon_hu_982c5d63a71b2961.png</url>
      <title>Manuscript</title>
      <link>https://urskalbitzer.github.io/publication_types/manuscript/</link>
    </image>
    
    <item>
      <title>Solar radiation and atmospheric CO$_2$ predict young leaf production in a moist evergreen tropical forest: Insights from 23 years</title>
      <link>https://urskalbitzer.github.io/publications/luthy-solar-2025/</link>
      <pubDate>Wed, 01 Jan 2025 00:00:00 +0000</pubDate>
      <guid>https://urskalbitzer.github.io/publications/luthy-solar-2025/</guid>
      <description></description>
    </item>
    
  </channel>
</rss>
