<?xml version="1.0" encoding="utf-8" standalone="yes" ?>
<rss version="2.0" xmlns:atom="http://www.w3.org/2005/Atom">
  <channel>
    <title>Publications | Urs Kalbitzer</title>
    <link>https://urskalbitzer.github.io/publications/</link>
      <atom:link href="https://urskalbitzer.github.io/publications/index.xml" rel="self" type="application/rss+xml" />
    <description>Publications</description>
    <generator>Hugo Blox Builder (https://hugoblox.com)</generator><language>en-us</language><lastBuildDate>Wed, 01 Jan 2025 00:00:00 +0000</lastBuildDate>
    <image>
      <url>https://urskalbitzer.github.io/media/icon_hu_982c5d63a71b2961.png</url>
      <title>Publications</title>
      <link>https://urskalbitzer.github.io/publications/</link>
    </image>
    
    <item>
      <title>A long-term study on food choices and nutritional goals of a leaf-eating primate</title>
      <link>https://urskalbitzer.github.io/publications/lauer-long-term-2025/</link>
      <pubDate>Wed, 01 Jan 2025 00:00:00 +0000</pubDate>
      <guid>https://urskalbitzer.github.io/publications/lauer-long-term-2025/</guid>
      <description></description>
    </item>
    
    <item>
      <title>Solar radiation and atmospheric CO$_2$ predict young leaf production in a moist evergreen tropical forest: Insights from 23 years</title>
      <link>https://urskalbitzer.github.io/publications/luthy-solar-2025/</link>
      <pubDate>Wed, 01 Jan 2025 00:00:00 +0000</pubDate>
      <guid>https://urskalbitzer.github.io/publications/luthy-solar-2025/</guid>
      <description></description>
    </item>
    
    <item>
      <title>Parks can effectively protect ungulates and elephants despite a constant poaching threat</title>
      <link>https://urskalbitzer.github.io/publications/hou-parks-2024/</link>
      <pubDate>Tue, 01 Oct 2024 00:00:00 +0000</pubDate>
      <guid>https://urskalbitzer.github.io/publications/hou-parks-2024/</guid>
      <description></description>
    </item>
    
    <item>
      <title>Impacts of COVID-19 on Biodiversity Conservation and Community Networks at Kibale National Park, Uganda</title>
      <link>https://urskalbitzer.github.io/publications/sarkar-impacts-2024/</link>
      <pubDate>Fri, 01 Mar 2024 00:00:00 +0000</pubDate>
      <guid>https://urskalbitzer.github.io/publications/sarkar-impacts-2024/</guid>
      <description></description>
    </item>
    
    <item>
      <title>Fifty&#43; years of primate research illustrates complex drivers of abundance and increasing primate numbers</title>
      <link>https://urskalbitzer.github.io/publications/chapman-fifty-2023/</link>
      <pubDate>Wed, 01 Nov 2023 00:00:00 +0000</pubDate>
      <guid>https://urskalbitzer.github.io/publications/chapman-fifty-2023/</guid>
      <description></description>
    </item>
    
    <item>
      <title>Vertebrate environmental DNA from leaf swabs</title>
      <link>https://urskalbitzer.github.io/publications/lynggaard-vertebrate-2023/</link>
      <pubDate>Tue, 01 Aug 2023 00:00:00 +0000</pubDate>
      <guid>https://urskalbitzer.github.io/publications/lynggaard-vertebrate-2023/</guid>
      <description></description>
    </item>
    
    <item>
      <title>30 years brings changes to the arthropod community of Kibale National Park, Uganda</title>
      <link>https://urskalbitzer.github.io/publications/opito-30-2023/</link>
      <pubDate>Wed, 01 Feb 2023 00:00:00 +0000</pubDate>
      <guid>https://urskalbitzer.github.io/publications/opito-30-2023/</guid>
      <description></description>
    </item>
    
    <item>
      <title>Site Fidelity and Home Range Shifts in a Leaf-Eating Primate</title>
      <link>https://urskalbitzer.github.io/publications/kalbitzer-site-2023/</link>
      <pubDate>Sun, 01 Jan 2023 00:00:00 +0000</pubDate>
      <guid>https://urskalbitzer.github.io/publications/kalbitzer-site-2023/</guid>
      <description></description>
    </item>
    
    <item>
      <title>The Movement of Pathogen Carrying Flies at the Human–Wildlife Interface</title>
      <link>https://urskalbitzer.github.io/publications/jahan-movement-2023/</link>
      <pubDate>Sun, 01 Jan 2023 00:00:00 +0000</pubDate>
      <guid>https://urskalbitzer.github.io/publications/jahan-movement-2023/</guid>
      <description></description>
    </item>
    
    <item>
      <title>Social media’s potential to promote conservation at the local level: an assessment in eleven primate range countries</title>
      <link>https://urskalbitzer.github.io/publications/twining-ward-social-2022/</link>
      <pubDate>Sun, 01 May 2022 00:00:00 +0000</pubDate>
      <guid>https://urskalbitzer.github.io/publications/twining-ward-social-2022/</guid>
      <description></description>
    </item>
    
    <item>
      <title>Life in 2.5D: Animal Movement in the Trees</title>
      <link>https://urskalbitzer.github.io/publications/harel-life-2022/</link>
      <pubDate>Sat, 01 Jan 2022 00:00:00 +0000</pubDate>
      <guid>https://urskalbitzer.github.io/publications/harel-life-2022/</guid>
      <description></description>
    </item>
    
    <item>
      <title>MASTREE&#43;: Time-series of plant reproductive effort from six continents</title>
      <link>https://urskalbitzer.github.io/publications/hacket-pain-mastree-2022/</link>
      <pubDate>Sat, 01 Jan 2022 00:00:00 +0000</pubDate>
      <guid>https://urskalbitzer.github.io/publications/hacket-pain-mastree-2022/</guid>
      <description></description>
    </item>
    
    <item>
      <title>The future of sub-Saharan Africa’s biodiversity in the face of climate and societal change</title>
      <link>https://urskalbitzer.github.io/publications/chapman-future-2022/</link>
      <pubDate>Sat, 01 Jan 2022 00:00:00 +0000</pubDate>
      <guid>https://urskalbitzer.github.io/publications/chapman-future-2022/</guid>
      <description></description>
    </item>
    
    <item>
      <title>A 40-year evaluation of drivers of African rainforest change</title>
      <link>https://urskalbitzer.github.io/publications/chapman-40-year-2021/</link>
      <pubDate>Fri, 01 Oct 2021 00:00:00 +0000</pubDate>
      <guid>https://urskalbitzer.github.io/publications/chapman-40-year-2021/</guid>
      <description></description>
    </item>
    
    <item>
      <title>Patterns of female social relationships in a primate with female-biased dispersal</title>
      <link>https://urskalbitzer.github.io/publications/kalbitzer-patterns-2021/</link>
      <pubDate>Thu, 01 Jul 2021 00:00:00 +0000</pubDate>
      <guid>https://urskalbitzer.github.io/publications/kalbitzer-patterns-2021/</guid>
      <description></description>
    </item>
    
    <item>
      <title>Costs of male infanticide for female capuchins: When does an adaptive male reproductive strategy become costly for females and detrimental to population viability?</title>
      <link>https://urskalbitzer.github.io/publications/fedigan-costs-2021/</link>
      <pubDate>Fri, 01 Jan 2021 00:00:00 +0000</pubDate>
      <guid>https://urskalbitzer.github.io/publications/fedigan-costs-2021/</guid>
      <description></description>
    </item>
    
    <item>
      <title>Fruit availability has a complex relationship with fission–fusion dynamics in spider monkeys</title>
      <link>https://urskalbitzer.github.io/publications/hartwell-fruit-2021/</link>
      <pubDate>Fri, 01 Jan 2021 00:00:00 +0000</pubDate>
      <guid>https://urskalbitzer.github.io/publications/hartwell-fruit-2021/</guid>
      <description></description>
    </item>
    
    <item>
      <title>Primates Can Be a Rallying Symbol to Promote Tropical Forest Restoration</title>
      <link>https://urskalbitzer.github.io/publications/chapman-primates-2020/</link>
      <pubDate>Sun, 01 Mar 2020 00:00:00 +0000</pubDate>
      <guid>https://urskalbitzer.github.io/publications/chapman-primates-2020/</guid>
      <description></description>
    </item>
    
    <item>
      <title>Non-invasive estimation of the costs of feeding competition in a neotropical primate</title>
      <link>https://urskalbitzer.github.io/publications/bergstrom-non-invasive-2020/</link>
      <pubDate>Sat, 01 Feb 2020 00:00:00 +0000</pubDate>
      <guid>https://urskalbitzer.github.io/publications/bergstrom-non-invasive-2020/</guid>
      <description></description>
    </item>
    
    <item>
      <title>Differential impact of severe drought on infant mortality in two sympatric neotropical primates</title>
      <link>https://urskalbitzer.github.io/publications/campos-differential-2020/</link>
      <pubDate>Wed, 01 Jan 2020 00:00:00 +0000</pubDate>
      <guid>https://urskalbitzer.github.io/publications/campos-differential-2020/</guid>
      <description></description>
    </item>
    
    <item>
      <title>Primate life history, social dynamics, ecology, and conservation: Contributions from long-term research in Área de Conservación Guanacaste, Costa Rica</title>
      <link>https://urskalbitzer.github.io/publications/melin-primate-2020/</link>
      <pubDate>Wed, 01 Jan 2020 00:00:00 +0000</pubDate>
      <guid>https://urskalbitzer.github.io/publications/melin-primate-2020/</guid>
      <description></description>
    </item>
    
    <item>
      <title>Build science in Africa</title>
      <link>https://urskalbitzer.github.io/publications/atickem-build-2019/</link>
      <pubDate>Sat, 01 Jun 2019 00:00:00 +0000</pubDate>
      <guid>https://urskalbitzer.github.io/publications/atickem-build-2019/</guid>
      <description></description>
    </item>
    
    <item>
      <title>Primates create seedling growth hotspots through pattern of dung deposition</title>
      <link>https://urskalbitzer.github.io/publications/kalbitzer-primates-2019/</link>
      <pubDate>Sat, 01 Jun 2019 00:00:00 +0000</pubDate>
      <guid>https://urskalbitzer.github.io/publications/kalbitzer-primates-2019/</guid>
      <description></description>
    </item>
    
    <item>
      <title>Does the presence of elephant dung create hotspots of growth for existing seedlings?</title>
      <link>https://urskalbitzer.github.io/publications/kalbitzer-does-2019/</link>
      <pubDate>Fri, 01 Mar 2019 00:00:00 +0000</pubDate>
      <guid>https://urskalbitzer.github.io/publications/kalbitzer-does-2019/</guid>
      <description></description>
    </item>
    
    <item>
      <title>Group versus population level demographics: An analysis of comparability using long term data on wild white-faced capuchin monkeys (textitCebus capucinus imitator)</title>
      <link>https://urskalbitzer.github.io/publications/hogan-group-2019/</link>
      <pubDate>Tue, 01 Jan 2019 00:00:00 +0000</pubDate>
      <guid>https://urskalbitzer.github.io/publications/hogan-group-2019/</guid>
      <description></description>
    </item>
    
    <item>
      <title>Primate Responses to Changing Environments in the Anthropocene</title>
      <link>https://urskalbitzer.github.io/publications/kalbitzer-primate-2018/</link>
      <pubDate>Mon, 01 Oct 2018 00:00:00 +0000</pubDate>
      <guid>https://urskalbitzer.github.io/publications/kalbitzer-primate-2018/</guid>
      <description></description>
    </item>
    
    <item>
      <title>The evolution of fruit colour: phylogeny, abiotic factors and the role of mutualists</title>
      <link>https://urskalbitzer.github.io/publications/valenta-evolution-2018/</link>
      <pubDate>Sat, 01 Sep 2018 00:00:00 +0000</pubDate>
      <guid>https://urskalbitzer.github.io/publications/valenta-evolution-2018/</guid>
      <description></description>
    </item>
    
    <item>
      <title>Primate Life Histories, Sex Roles, and Adaptability - Essays in Honour of Linda M. Fedigan</title>
      <link>https://urskalbitzer.github.io/publications/kalbitzer-primate-2018-1/</link>
      <pubDate>Mon, 01 Jan 2018 00:00:00 +0000</pubDate>
      <guid>https://urskalbitzer.github.io/publications/kalbitzer-primate-2018-1/</guid>
      <description></description>
    </item>
    
    <item>
      <title>Restoration Provides Hope for Faunal Recovery: Changes in Primate Abundance Over 45 Years in Kibale National Park, Uganda</title>
      <link>https://urskalbitzer.github.io/publications/chapman-restoration-2018/</link>
      <pubDate>Mon, 01 Jan 2018 00:00:00 +0000</pubDate>
      <guid>https://urskalbitzer.github.io/publications/chapman-restoration-2018/</guid>
      <description></description>
    </item>
    
    <item>
      <title>What will climate change mean for primates?</title>
      <link>https://urskalbitzer.github.io/publications/chapman-what-2018/</link>
      <pubDate>Mon, 01 Jan 2018 00:00:00 +0000</pubDate>
      <guid>https://urskalbitzer.github.io/publications/chapman-what-2018/</guid>
      <description></description>
    </item>
    
    <item>
      <title>How to cultivate a tree: Celebrating the career of Linda Marie Fedigan</title>
      <link>https://urskalbitzer.github.io/publications/jack-how-2017/</link>
      <pubDate>Sat, 01 Jul 2017 00:00:00 +0000</pubDate>
      <guid>https://urskalbitzer.github.io/publications/jack-how-2017/</guid>
      <description></description>
    </item>
    
    <item>
      <title>Female sociality and sexual conflict shape offspring survival in a Neotropical primate</title>
      <link>https://urskalbitzer.github.io/publications/kalbitzer-female-2017/</link>
      <pubDate>Wed, 01 Feb 2017 00:00:00 +0000</pubDate>
      <guid>https://urskalbitzer.github.io/publications/kalbitzer-female-2017/</guid>
      <description></description>
    </item>
    
    <item>
      <title>Charting the neglected West: The social system of Guinea baboons</title>
      <link>https://urskalbitzer.github.io/publications/fischer-charting-2017/</link>
      <pubDate>Sun, 01 Jan 2017 00:00:00 +0000</pubDate>
      <guid>https://urskalbitzer.github.io/publications/fischer-charting-2017/</guid>
      <description></description>
    </item>
    
    <item>
      <title>Insights into the genetic foundation of aggression in textitPapio and the evolution of two length-polymorphisms in the promoter regions of serotonin-related genes (5-HTTLPR and MAOALPR) in Papionini</title>
      <link>https://urskalbitzer.github.io/publications/kalbitzer-insights-2016/</link>
      <pubDate>Fri, 01 Jan 2016 00:00:00 +0000</pubDate>
      <guid>https://urskalbitzer.github.io/publications/kalbitzer-insights-2016/</guid>
      <description></description>
    </item>
    
    <item>
      <title>Social behavior and patterns of testosterone and glucocorticoid levels differ between male chacma and Guinea baboons</title>
      <link>https://urskalbitzer.github.io/publications/kalbitzer-social-2015/</link>
      <pubDate>Tue, 01 Sep 2015 00:00:00 +0000</pubDate>
      <guid>https://urskalbitzer.github.io/publications/kalbitzer-social-2015/</guid>
      <description></description>
    </item>
    
    <item>
      <title>Male tolerance and male–male bonds in a multilevel primate society</title>
      <link>https://urskalbitzer.github.io/publications/patzelt-male-2014/</link>
      <pubDate>Wed, 01 Oct 2014 00:00:00 +0000</pubDate>
      <guid>https://urskalbitzer.github.io/publications/patzelt-male-2014/</guid>
      <description></description>
    </item>
    
    <item>
      <title>How the cerebral serotonin homeostasis predicts environmental changes: a model to explain seasonal changes of brain 5-HTT as intermediate phenotype of the 5-HTTLPR</title>
      <link>https://urskalbitzer.github.io/publications/kalbitzer-how-2013/</link>
      <pubDate>Tue, 01 Oct 2013 00:00:00 +0000</pubDate>
      <guid>https://urskalbitzer.github.io/publications/kalbitzer-how-2013/</guid>
      <description></description>
    </item>
    
    <item>
      <title>Methodological considerations in the analysis of fecal glucocorticoid metabolites in tufted capuchins (textitCebus apella)</title>
      <link>https://urskalbitzer.github.io/publications/wheeler-methodological-2013/</link>
      <pubDate>Thu, 01 Aug 2013 00:00:00 +0000</pubDate>
      <guid>https://urskalbitzer.github.io/publications/wheeler-methodological-2013/</guid>
      <description></description>
    </item>
    
    <item>
      <title>Long-term storage effects in steroid metabolite extracts from baboon (textitPapio sp.) faeces - a comparison of three commonly applied storage methods</title>
      <link>https://urskalbitzer.github.io/publications/kalbitzer-long-term-2013/</link>
      <pubDate>Wed, 01 May 2013 00:00:00 +0000</pubDate>
      <guid>https://urskalbitzer.github.io/publications/kalbitzer-long-term-2013/</guid>
      <description></description>
    </item>
    
  </channel>
</rss>
