<?xml version="1.0" encoding="utf-8" standalone="yes" ?>
<rss version="2.0" xmlns:atom="http://www.w3.org/2005/Atom">
  <channel>
    <title>Red Colobus | Urs Kalbitzer</title>
    <link>https://urskalbitzer.github.io/tags/red-colobus/</link>
      <atom:link href="https://urskalbitzer.github.io/tags/red-colobus/index.xml" rel="self" type="application/rss+xml" />
    <description>Red Colobus</description>
    <generator>Hugo Blox Builder (https://hugoblox.com)</generator><language>en-us</language><lastBuildDate>Wed, 01 Jan 2025 00:00:00 +0000</lastBuildDate>
    <image>
      <url>https://urskalbitzer.github.io/media/icon_hu_982c5d63a71b2961.png</url>
      <title>Red Colobus</title>
      <link>https://urskalbitzer.github.io/tags/red-colobus/</link>
    </image>
    
    <item>
      <title>A long-term study on food choices and nutritional goals of a leaf-eating primate</title>
      <link>https://urskalbitzer.github.io/publications/lauer-long-term-2025/</link>
      <pubDate>Wed, 01 Jan 2025 00:00:00 +0000</pubDate>
      <guid>https://urskalbitzer.github.io/publications/lauer-long-term-2025/</guid>
      <description></description>
    </item>
    
    <item>
      <title>Primates create seedling growth hotspots through pattern of dung deposition</title>
      <link>https://urskalbitzer.github.io/publications/kalbitzer-primates-2019/</link>
      <pubDate>Sat, 01 Jun 2019 00:00:00 +0000</pubDate>
      <guid>https://urskalbitzer.github.io/publications/kalbitzer-primates-2019/</guid>
      <description></description>
    </item>
    
  </channel>
</rss>
