<?xml version="1.0" encoding="utf-8" standalone="yes" ?>
<rss version="2.0" xmlns:atom="http://www.w3.org/2005/Atom">
  <channel>
    <title>5 | Urs Kalbitzer</title>
    <link>https://urskalbitzer.github.io/publication_types/5/</link>
      <atom:link href="https://urskalbitzer.github.io/publication_types/5/index.xml" rel="self" type="application/rss+xml" />
    <description>5</description>
    <generator>Hugo Blox Builder (https://hugoblox.com)</generator><language>en-us</language><lastBuildDate>Mon, 01 Jan 2018 00:00:00 +0000</lastBuildDate>
    <image>
      <url>https://urskalbitzer.github.io/media/icon_hu_982c5d63a71b2961.png</url>
      <title>5</title>
      <link>https://urskalbitzer.github.io/publication_types/5/</link>
    </image>
    
    <item>
      <title>Primate Life Histories, Sex Roles, and Adaptability - Essays in Honour of Linda M. Fedigan</title>
      <link>https://urskalbitzer.github.io/publications/kalbitzer-primate-2018-1/</link>
      <pubDate>Mon, 01 Jan 2018 00:00:00 +0000</pubDate>
      <guid>https://urskalbitzer.github.io/publications/kalbitzer-primate-2018-1/</guid>
      <description></description>
    </item>
    
  </channel>
</rss>
