<?xml version="1.0" encoding="utf-8" standalone="yes" ?>
<rss version="2.0" xmlns:atom="http://www.w3.org/2005/Atom">
  <channel>
    <title>Publication_types | Urs Kalbitzer</title>
    <link>https://urskalbitzer.github.io/publication_types/</link>
      <atom:link href="https://urskalbitzer.github.io/publication_types/index.xml" rel="self" type="application/rss+xml" />
    <description>Publication_types</description>
    <generator>Hugo Blox Builder (https://hugoblox.com)</generator><language>en-us</language><lastBuildDate>Wed, 01 Jan 2025 00:00:00 +0000</lastBuildDate>
    <image>
      <url>https://urskalbitzer.github.io/media/icon_hu_982c5d63a71b2961.png</url>
      <title>Publication_types</title>
      <link>https://urskalbitzer.github.io/publication_types/</link>
    </image>
    
  </channel>
</rss>
