<?xml version="1.0" encoding="utf-8" standalone="yes" ?>
<rss version="2.0" xmlns:atom="http://www.w3.org/2005/Atom">
  <channel>
    <title>Reference | Urs Kalbitzer</title>
    <link>https://urskalbitzer.github.io/courses/hugo-blox/reference/</link>
      <atom:link href="https://urskalbitzer.github.io/courses/hugo-blox/reference/index.xml" rel="self" type="application/rss+xml" />
    <description>Reference</description>
    <generator>Hugo Blox Builder (https://hugoblox.com)</generator><language>en-us</language>
    <image>
      <url>https://urskalbitzer.github.io/media/icon_hu_982c5d63a71b2961.png</url>
      <title>Reference</title>
      <link>https://urskalbitzer.github.io/courses/hugo-blox/reference/</link>
    </image>
    
    <item>
      <title>Customizing Hugo</title>
      <link>https://urskalbitzer.github.io/courses/hugo-blox/reference/customization/</link>
      <pubDate>Mon, 01 Jan 0001 00:00:00 +0000</pubDate>
      <guid>https://urskalbitzer.github.io/courses/hugo-blox/reference/customization/</guid>
      <description>&lt;p&gt;View the full docs at 
&lt;/p&gt;
</description>
    </item>
    
    <item>
      <title>Internationalization (i18n)</title>
      <link>https://urskalbitzer.github.io/courses/hugo-blox/reference/i18n/</link>
      <pubDate>Mon, 01 Jan 0001 00:00:00 +0000</pubDate>
      <guid>https://urskalbitzer.github.io/courses/hugo-blox/reference/i18n/</guid>
      <description>&lt;p&gt;Hugo Blox enables you to easily edit the interface text as well as translating your site into multiple languages using Hugo&amp;rsquo;s 
 feature.&lt;/p&gt;
&lt;p&gt;View the full docs at 
&lt;/p&gt;</description>
    </item>
    
  </channel>
</rss>
