<?xml version="1.0" encoding="utf-8" standalone="yes" ?>
<rss version="2.0" xmlns:atom="http://www.w3.org/2005/Atom">
  <channel>
    <title>Sensory Ecology | Urs Kalbitzer</title>
    <link>https://urskalbitzer.github.io/tags/sensory-ecology/</link>
      <atom:link href="https://urskalbitzer.github.io/tags/sensory-ecology/index.xml" rel="self" type="application/rss+xml" />
    <description>Sensory Ecology</description>
    <generator>Hugo Blox Builder (https://hugoblox.com)</generator><language>en-us</language><lastBuildDate>Wed, 01 Jan 2020 00:00:00 +0000</lastBuildDate>
    <image>
      <url>https://urskalbitzer.github.io/media/icon_hu_982c5d63a71b2961.png</url>
      <title>Sensory Ecology</title>
      <link>https://urskalbitzer.github.io/tags/sensory-ecology/</link>
    </image>
    
    <item>
      <title>Primate life history, social dynamics, ecology, and conservation: Contributions from long-term research in Área de Conservación Guanacaste, Costa Rica</title>
      <link>https://urskalbitzer.github.io/publications/melin-primate-2020/</link>
      <pubDate>Wed, 01 Jan 2020 00:00:00 +0000</pubDate>
      <guid>https://urskalbitzer.github.io/publications/melin-primate-2020/</guid>
      <description></description>
    </item>
    
  </channel>
</rss>
