<?xml version="1.0" encoding="utf-8" standalone="yes" ?>
<rss version="2.0" xmlns:atom="http://www.w3.org/2005/Atom">
  <channel>
    <title>Guide | Urs Kalbitzer</title>
    <link>https://urskalbitzer.github.io/courses/hugo-blox/guide/</link>
      <atom:link href="https://urskalbitzer.github.io/courses/hugo-blox/guide/index.xml" rel="self" type="application/rss+xml" />
    <description>Guide</description>
    <generator>Hugo Blox Builder (https://hugoblox.com)</generator><language>en-us</language><lastBuildDate>Tue, 24 Oct 2023 00:00:00 +0000</lastBuildDate>
    <image>
      <url>https://urskalbitzer.github.io/media/icon_hu_982c5d63a71b2961.png</url>
      <title>Guide</title>
      <link>https://urskalbitzer.github.io/courses/hugo-blox/guide/</link>
    </image>
    
    <item>
      <title>Project Structure</title>
      <link>https://urskalbitzer.github.io/courses/hugo-blox/guide/project-structure/</link>
      <pubDate>Mon, 01 Jan 0001 00:00:00 +0000</pubDate>
      <guid>https://urskalbitzer.github.io/courses/hugo-blox/guide/project-structure/</guid>
      <description>&lt;h2 id=&#34;folder-structure&#34;&gt;Folder Structure&lt;/h2&gt;
&lt;p&gt;There are &lt;strong&gt;4 main folders for Hugo-based sites&lt;/strong&gt;:&lt;/p&gt;
&lt;ul&gt;
&lt;li&gt;&lt;code&gt;content/&lt;/code&gt; for your Markdown-formatted content files (homepage, etc.)
&lt;ul&gt;
&lt;li&gt;&lt;code&gt;_index.md&lt;/code&gt; the homepage (&lt;strong&gt;Hugo requires that the homepage and archive pages have an underscore prefix&lt;/strong&gt;)&lt;/li&gt;
&lt;/ul&gt;
&lt;/li&gt;
&lt;li&gt;&lt;code&gt;assets/&lt;/code&gt;
&lt;ul&gt;
&lt;li&gt;&lt;code&gt;media/&lt;/code&gt; for your media files (images, videos)
&lt;ul&gt;
&lt;li&gt;&lt;code&gt;icons/custom/&lt;/code&gt; upload any custom SVG icons you want to use&lt;/li&gt;
&lt;/ul&gt;
&lt;/li&gt;
&lt;/ul&gt;
&lt;/li&gt;
&lt;li&gt;&lt;code&gt;config/_default/&lt;/code&gt; for your site configuration files
&lt;ul&gt;
&lt;li&gt;&lt;code&gt;hugo.yaml&lt;/code&gt; to configure Hugo (site title, URL, Hugo options, setup per-folder page features)&lt;/li&gt;
&lt;li&gt;&lt;code&gt;module.yaml&lt;/code&gt; to install or uninstall Hugo themes and plugins&lt;/li&gt;
&lt;li&gt;&lt;code&gt;params.yaml&lt;/code&gt; to configure Hugo Blox options (SEO, analytics, site features)&lt;/li&gt;
&lt;li&gt;&lt;code&gt;menus.yaml&lt;/code&gt; to configure your menu links (if the menu is enabled in &lt;code&gt;params.yaml&lt;/code&gt;)&lt;/li&gt;
&lt;li&gt;&lt;code&gt;languages.yaml&lt;/code&gt; to configure your site&amp;rsquo;s language or to set language-specific options in a multilingual site&lt;/li&gt;
&lt;/ul&gt;
&lt;/li&gt;
&lt;li&gt;&lt;code&gt;static/uploads/&lt;/code&gt; for any files you want visitors to download, such as a PDF&lt;/li&gt;
&lt;li&gt;&lt;code&gt;go.mod&lt;/code&gt; sets the version of Hugo themes/plugins which your site uses&lt;/li&gt;
&lt;/ul&gt;
&lt;h2 id=&#34;hugo-file-naming-convention&#34;&gt;Hugo File Naming Convention&lt;/h2&gt;
&lt;p&gt;Hugo gives us two options to name standard page files: as &lt;code&gt;TITLE/index.md&lt;/code&gt; or &lt;code&gt;TITLE.md&lt;/code&gt; where &lt;code&gt;TITLE&lt;/code&gt; is your page name.&lt;/p&gt;
&lt;p&gt;The page name should be lowercase and using hyphens (&lt;code&gt;-&lt;/code&gt;) instead of spaces.&lt;/p&gt;
&lt;p&gt;Both approaches result in the same output, so you can choose your preferred approach to naming and organizing files. A benefit to the folder-based approach is that all your page&amp;rsquo;s files (such as images) are self-contained within the page&amp;rsquo;s folder, so it&amp;rsquo;s more portable if you wish to share the original Markdown page with someone.&lt;/p&gt;
&lt;p&gt;The homepage is a special case as &lt;strong&gt;Hugo requires the homepage and listing pages to be named&lt;/strong&gt; &lt;code&gt;_index.md&lt;/code&gt;.&lt;/p&gt;
&lt;h2 id=&#34;docs-navigation&#34;&gt;Docs Navigation&lt;/h2&gt;
&lt;p&gt;The docs navigation is automatically generated based on the content in the &lt;code&gt;docs/&lt;/code&gt; folder and is sorted alphabetically.&lt;/p&gt;
&lt;p&gt;The order of pages can be changed by adding the &lt;code&gt;weight&lt;/code&gt; parameter in the front matter of your Markdown files.&lt;/p&gt;
&lt;p&gt;In the example below, the &lt;code&gt;example.md&lt;/code&gt; page will appear before the &lt;code&gt;test.md&lt;/code&gt; page as it has a lower &lt;code&gt;weight&lt;/code&gt;:&lt;/p&gt;
&lt;p&gt;Page &lt;code&gt;example.md&lt;/code&gt;:&lt;/p&gt;
&lt;div class=&#34;highlight&#34;&gt;&lt;pre tabindex=&#34;0&#34; class=&#34;chroma&#34;&gt;&lt;code class=&#34;language-yaml&#34; data-lang=&#34;yaml&#34;&gt;&lt;span class=&#34;line&#34;&gt;&lt;span class=&#34;cl&#34;&gt;&lt;span class=&#34;nn&#34;&gt;---&lt;/span&gt;&lt;span class=&#34;w&#34;&gt;
&lt;/span&gt;&lt;/span&gt;&lt;/span&gt;&lt;span class=&#34;line&#34;&gt;&lt;span class=&#34;cl&#34;&gt;&lt;span class=&#34;w&#34;&gt;&lt;/span&gt;&lt;span class=&#34;nt&#34;&gt;title&lt;/span&gt;&lt;span class=&#34;p&#34;&gt;:&lt;/span&gt;&lt;span class=&#34;w&#34;&gt; &lt;/span&gt;&lt;span class=&#34;l&#34;&gt;My Example&lt;/span&gt;&lt;span class=&#34;w&#34;&gt;
&lt;/span&gt;&lt;/span&gt;&lt;/span&gt;&lt;span class=&#34;line&#34;&gt;&lt;span class=&#34;cl&#34;&gt;&lt;span class=&#34;w&#34;&gt;&lt;/span&gt;&lt;span class=&#34;nt&#34;&gt;weight&lt;/span&gt;&lt;span class=&#34;p&#34;&gt;:&lt;/span&gt;&lt;span class=&#34;w&#34;&gt; &lt;/span&gt;&lt;span class=&#34;m&#34;&gt;1&lt;/span&gt;&lt;span class=&#34;w&#34;&gt;
&lt;/span&gt;&lt;/span&gt;&lt;/span&gt;&lt;span class=&#34;line&#34;&gt;&lt;span class=&#34;cl&#34;&gt;&lt;span class=&#34;w&#34;&gt;&lt;/span&gt;&lt;span class=&#34;nn&#34;&gt;---&lt;/span&gt;&lt;span class=&#34;w&#34;&gt;
&lt;/span&gt;&lt;/span&gt;&lt;/span&gt;&lt;/code&gt;&lt;/pre&gt;&lt;/div&gt;&lt;p&gt;Page &lt;code&gt;test.md&lt;/code&gt;:&lt;/p&gt;
&lt;div class=&#34;highlight&#34;&gt;&lt;pre tabindex=&#34;0&#34; class=&#34;chroma&#34;&gt;&lt;code class=&#34;language-yaml&#34; data-lang=&#34;yaml&#34;&gt;&lt;span class=&#34;line&#34;&gt;&lt;span class=&#34;cl&#34;&gt;&lt;span class=&#34;nn&#34;&gt;---&lt;/span&gt;&lt;span class=&#34;w&#34;&gt;
&lt;/span&gt;&lt;/span&gt;&lt;/span&gt;&lt;span class=&#34;line&#34;&gt;&lt;span class=&#34;cl&#34;&gt;&lt;span class=&#34;w&#34;&gt;&lt;/span&gt;&lt;span class=&#34;nt&#34;&gt;title&lt;/span&gt;&lt;span class=&#34;p&#34;&gt;:&lt;/span&gt;&lt;span class=&#34;w&#34;&gt; &lt;/span&gt;&lt;span class=&#34;l&#34;&gt;My Test&lt;/span&gt;&lt;span class=&#34;w&#34;&gt;
&lt;/span&gt;&lt;/span&gt;&lt;/span&gt;&lt;span class=&#34;line&#34;&gt;&lt;span class=&#34;cl&#34;&gt;&lt;span class=&#34;w&#34;&gt;&lt;/span&gt;&lt;span class=&#34;nt&#34;&gt;weight&lt;/span&gt;&lt;span class=&#34;p&#34;&gt;:&lt;/span&gt;&lt;span class=&#34;w&#34;&gt; &lt;/span&gt;&lt;span class=&#34;m&#34;&gt;2&lt;/span&gt;&lt;span class=&#34;w&#34;&gt;
&lt;/span&gt;&lt;/span&gt;&lt;/span&gt;&lt;span class=&#34;line&#34;&gt;&lt;span class=&#34;cl&#34;&gt;&lt;span class=&#34;w&#34;&gt;&lt;/span&gt;&lt;span class=&#34;nn&#34;&gt;---&lt;/span&gt;&lt;span class=&#34;w&#34;&gt;
&lt;/span&gt;&lt;/span&gt;&lt;/span&gt;&lt;/code&gt;&lt;/pre&gt;&lt;/div&gt;</description>
    </item>
    
    <item>
      <title>Configuration</title>
      <link>https://urskalbitzer.github.io/courses/hugo-blox/guide/configuration/</link>
      <pubDate>Mon, 01 Jan 0001 00:00:00 +0000</pubDate>
      <guid>https://urskalbitzer.github.io/courses/hugo-blox/guide/configuration/</guid>
      <description>&lt;p&gt;The configuration of your site can be found in &lt;code&gt;config/_default/&lt;/code&gt;.&lt;/p&gt;
&lt;h2 id=&#34;full-documentation&#34;&gt;Full Documentation&lt;/h2&gt;
&lt;p&gt;See 
&lt;/p&gt;
&lt;h2 id=&#34;navigation&#34;&gt;Navigation&lt;/h2&gt;
&lt;h3 id=&#34;menu&#34;&gt;Menu&lt;/h3&gt;
&lt;p&gt;See 
&lt;/p&gt;
&lt;h2 id=&#34;left-sidebar&#34;&gt;Left Sidebar&lt;/h2&gt;
&lt;p&gt;Links are automatically generated from the structure of your content directory. Simply add a folder to nest a page.&lt;/p&gt;
&lt;h3 id=&#34;extra-links&#34;&gt;Extra Links&lt;/h3&gt;
&lt;p&gt;Additional links can be added under the &lt;code&gt;sidebar&lt;/code&gt; section of your &lt;code&gt;config/_default/menus.yaml&lt;/code&gt;:&lt;/p&gt;
&lt;div class=&#34;highlight&#34;&gt;&lt;pre tabindex=&#34;0&#34; class=&#34;chroma&#34;&gt;&lt;code class=&#34;language-yaml&#34; data-lang=&#34;yaml&#34;&gt;&lt;span class=&#34;line&#34;&gt;&lt;span class=&#34;cl&#34;&gt;&lt;span class=&#34;nt&#34;&gt;menu&lt;/span&gt;&lt;span class=&#34;p&#34;&gt;:&lt;/span&gt;&lt;span class=&#34;w&#34;&gt;
&lt;/span&gt;&lt;/span&gt;&lt;/span&gt;&lt;span class=&#34;line&#34;&gt;&lt;span class=&#34;cl&#34;&gt;&lt;span class=&#34;w&#34;&gt;  &lt;/span&gt;&lt;span class=&#34;nt&#34;&gt;sidebar&lt;/span&gt;&lt;span class=&#34;p&#34;&gt;:&lt;/span&gt;&lt;span class=&#34;w&#34;&gt;
&lt;/span&gt;&lt;/span&gt;&lt;/span&gt;&lt;span class=&#34;line&#34;&gt;&lt;span class=&#34;cl&#34;&gt;&lt;span class=&#34;w&#34;&gt;    &lt;/span&gt;- &lt;span class=&#34;nt&#34;&gt;name&lt;/span&gt;&lt;span class=&#34;p&#34;&gt;:&lt;/span&gt;&lt;span class=&#34;w&#34;&gt; &lt;/span&gt;&lt;span class=&#34;s2&#34;&gt;&amp;#34;Need help?&amp;#34;&lt;/span&gt;&lt;span class=&#34;w&#34;&gt;
&lt;/span&gt;&lt;/span&gt;&lt;/span&gt;&lt;span class=&#34;line&#34;&gt;&lt;span class=&#34;cl&#34;&gt;&lt;span class=&#34;w&#34;&gt;      &lt;/span&gt;&lt;span class=&#34;nt&#34;&gt;params&lt;/span&gt;&lt;span class=&#34;p&#34;&gt;:&lt;/span&gt;&lt;span class=&#34;w&#34;&gt;
&lt;/span&gt;&lt;/span&gt;&lt;/span&gt;&lt;span class=&#34;line&#34;&gt;&lt;span class=&#34;cl&#34;&gt;&lt;span class=&#34;w&#34;&gt;        &lt;/span&gt;&lt;span class=&#34;nt&#34;&gt;type&lt;/span&gt;&lt;span class=&#34;p&#34;&gt;:&lt;/span&gt;&lt;span class=&#34;w&#34;&gt; &lt;/span&gt;&lt;span class=&#34;l&#34;&gt;separator&lt;/span&gt;&lt;span class=&#34;w&#34;&gt;
&lt;/span&gt;&lt;/span&gt;&lt;/span&gt;&lt;span class=&#34;line&#34;&gt;&lt;span class=&#34;cl&#34;&gt;&lt;span class=&#34;w&#34;&gt;      &lt;/span&gt;&lt;span class=&#34;nt&#34;&gt;weight&lt;/span&gt;&lt;span class=&#34;p&#34;&gt;:&lt;/span&gt;&lt;span class=&#34;w&#34;&gt; &lt;/span&gt;&lt;span class=&#34;m&#34;&gt;1&lt;/span&gt;&lt;span class=&#34;w&#34;&gt;
&lt;/span&gt;&lt;/span&gt;&lt;/span&gt;&lt;span class=&#34;line&#34;&gt;&lt;span class=&#34;cl&#34;&gt;&lt;span class=&#34;w&#34;&gt;    &lt;/span&gt;- &lt;span class=&#34;nt&#34;&gt;name&lt;/span&gt;&lt;span class=&#34;p&#34;&gt;:&lt;/span&gt;&lt;span class=&#34;w&#34;&gt; &lt;/span&gt;&lt;span class=&#34;s2&#34;&gt;&amp;#34;A page&amp;#34;&lt;/span&gt;&lt;span class=&#34;w&#34;&gt;
&lt;/span&gt;&lt;/span&gt;&lt;/span&gt;&lt;span class=&#34;line&#34;&gt;&lt;span class=&#34;cl&#34;&gt;&lt;span class=&#34;w&#34;&gt;      &lt;/span&gt;&lt;span class=&#34;nt&#34;&gt;pageRef&lt;/span&gt;&lt;span class=&#34;p&#34;&gt;:&lt;/span&gt;&lt;span class=&#34;w&#34;&gt; &lt;/span&gt;&lt;span class=&#34;s2&#34;&gt;&amp;#34;/page-filename-here&amp;#34;&lt;/span&gt;&lt;span class=&#34;w&#34;&gt;
&lt;/span&gt;&lt;/span&gt;&lt;/span&gt;&lt;span class=&#34;line&#34;&gt;&lt;span class=&#34;cl&#34;&gt;&lt;span class=&#34;w&#34;&gt;      &lt;/span&gt;&lt;span class=&#34;nt&#34;&gt;weight&lt;/span&gt;&lt;span class=&#34;p&#34;&gt;:&lt;/span&gt;&lt;span class=&#34;w&#34;&gt; &lt;/span&gt;&lt;span class=&#34;m&#34;&gt;2&lt;/span&gt;&lt;span class=&#34;w&#34;&gt;
&lt;/span&gt;&lt;/span&gt;&lt;/span&gt;&lt;span class=&#34;line&#34;&gt;&lt;span class=&#34;cl&#34;&gt;&lt;span class=&#34;w&#34;&gt;    &lt;/span&gt;- &lt;span class=&#34;nt&#34;&gt;name&lt;/span&gt;&lt;span class=&#34;p&#34;&gt;:&lt;/span&gt;&lt;span class=&#34;w&#34;&gt; &lt;/span&gt;&lt;span class=&#34;s2&#34;&gt;&amp;#34;An external link ↗&amp;#34;&lt;/span&gt;&lt;span class=&#34;w&#34;&gt;
&lt;/span&gt;&lt;/span&gt;&lt;/span&gt;&lt;span class=&#34;line&#34;&gt;&lt;span class=&#34;cl&#34;&gt;&lt;span class=&#34;w&#34;&gt;      &lt;/span&gt;&lt;span class=&#34;nt&#34;&gt;url&lt;/span&gt;&lt;span class=&#34;p&#34;&gt;:&lt;/span&gt;&lt;span class=&#34;w&#34;&gt; &lt;/span&gt;&lt;span class=&#34;s2&#34;&gt;&amp;#34;https://hugoblox.com&amp;#34;&lt;/span&gt;&lt;span class=&#34;w&#34;&gt;
&lt;/span&gt;&lt;/span&gt;&lt;/span&gt;&lt;span class=&#34;line&#34;&gt;&lt;span class=&#34;cl&#34;&gt;&lt;span class=&#34;w&#34;&gt;      &lt;/span&gt;&lt;span class=&#34;nt&#34;&gt;weight&lt;/span&gt;&lt;span class=&#34;p&#34;&gt;:&lt;/span&gt;&lt;span class=&#34;w&#34;&gt; &lt;/span&gt;&lt;span class=&#34;m&#34;&gt;3&lt;/span&gt;&lt;span class=&#34;w&#34;&gt;
&lt;/span&gt;&lt;/span&gt;&lt;/span&gt;&lt;/code&gt;&lt;/pre&gt;&lt;/div&gt;&lt;h2 id=&#34;right-sidebar&#34;&gt;Right Sidebar&lt;/h2&gt;
&lt;p&gt;A table of contents is automatically generated from the headings your Markdown file.&lt;/p&gt;
&lt;p&gt;It can optionally be disabled by setting &lt;code&gt;toc: false&lt;/code&gt; in the front matter of a page:&lt;/p&gt;
&lt;div class=&#34;highlight&#34;&gt;&lt;pre tabindex=&#34;0&#34; class=&#34;chroma&#34;&gt;&lt;code class=&#34;language-yaml&#34; data-lang=&#34;yaml&#34;&gt;&lt;span class=&#34;line&#34;&gt;&lt;span class=&#34;cl&#34;&gt;&lt;span class=&#34;nn&#34;&gt;---&lt;/span&gt;&lt;span class=&#34;w&#34;&gt;
&lt;/span&gt;&lt;/span&gt;&lt;/span&gt;&lt;span class=&#34;line&#34;&gt;&lt;span class=&#34;cl&#34;&gt;&lt;span class=&#34;w&#34;&gt;&lt;/span&gt;&lt;span class=&#34;nt&#34;&gt;title&lt;/span&gt;&lt;span class=&#34;p&#34;&gt;:&lt;/span&gt;&lt;span class=&#34;w&#34;&gt; &lt;/span&gt;&lt;span class=&#34;l&#34;&gt;My Page&lt;/span&gt;&lt;span class=&#34;w&#34;&gt;
&lt;/span&gt;&lt;/span&gt;&lt;/span&gt;&lt;span class=&#34;line&#34;&gt;&lt;span class=&#34;cl&#34;&gt;&lt;span class=&#34;w&#34;&gt;&lt;/span&gt;&lt;span class=&#34;nt&#34;&gt;toc&lt;/span&gt;&lt;span class=&#34;p&#34;&gt;:&lt;/span&gt;&lt;span class=&#34;w&#34;&gt; &lt;/span&gt;&lt;span class=&#34;kc&#34;&gt;false&lt;/span&gt;&lt;span class=&#34;w&#34;&gt;
&lt;/span&gt;&lt;/span&gt;&lt;/span&gt;&lt;span class=&#34;line&#34;&gt;&lt;span class=&#34;cl&#34;&gt;&lt;span class=&#34;w&#34;&gt;&lt;/span&gt;&lt;span class=&#34;nn&#34;&gt;---&lt;/span&gt;&lt;span class=&#34;w&#34;&gt;
&lt;/span&gt;&lt;/span&gt;&lt;/span&gt;&lt;/code&gt;&lt;/pre&gt;&lt;/div&gt;</description>
    </item>
    
  </channel>
</rss>
