<?xml version="1.0" encoding="utf-8" standalone="yes" ?>
<rss version="2.0" xmlns:atom="http://www.w3.org/2005/Atom">
  <channel>
    <title>6 | Urs Kalbitzer</title>
    <link>https://urskalbitzer.github.io/publication_types/6/</link>
      <atom:link href="https://urskalbitzer.github.io/publication_types/6/index.xml" rel="self" type="application/rss+xml" />
    <description>6</description>
    <generator>Hugo Blox Builder (https://hugoblox.com)</generator><language>en-us</language><lastBuildDate>Mon, 30 Jan 2023 12:48:02 +0000</lastBuildDate>
    <image>
      <url>https://urskalbitzer.github.io/media/icon_hu_982c5d63a71b2961.png</url>
      <title>6</title>
      <link>https://urskalbitzer.github.io/publication_types/6/</link>
    </image>
    
    <item>
      <title>Site fidelity and home range shifts in a leaf-eating primate (chapter in press)</title>
      <link>https://urskalbitzer.github.io/publications/kalbitzer-site-nodate/</link>
      <pubDate>Mon, 30 Jan 2023 12:48:02 +0000</pubDate>
      <guid>https://urskalbitzer.github.io/publications/kalbitzer-site-nodate/</guid>
      <description></description>
    </item>
    
    <item>
      <title>Primate Responses to Changing Environments in the Anthropocene</title>
      <link>https://urskalbitzer.github.io/publications/kalbitzer-primate-2018/</link>
      <pubDate>Mon, 01 Oct 2018 00:00:00 +0000</pubDate>
      <guid>https://urskalbitzer.github.io/publications/kalbitzer-primate-2018/</guid>
      <description></description>
    </item>
    
    <item>
      <title>What will climate change mean for primates?</title>
      <link>https://urskalbitzer.github.io/publications/chapman-what-2018/</link>
      <pubDate>Mon, 01 Jan 2018 00:00:00 +0000</pubDate>
      <guid>https://urskalbitzer.github.io/publications/chapman-what-2018/</guid>
      <description></description>
    </item>
    
  </channel>
</rss>
