<?xml version="1.0" encoding="utf-8" standalone="yes" ?>
<rss version="2.0" xmlns:atom="http://www.w3.org/2005/Atom">
  <channel>
    <title>Long-Term Monitoring | Urs Kalbitzer</title>
    <link>https://urskalbitzer.github.io/tags/long-term-monitoring/</link>
      <atom:link href="https://urskalbitzer.github.io/tags/long-term-monitoring/index.xml" rel="self" type="application/rss+xml" />
    <description>Long-Term Monitoring</description>
    <generator>Hugo Blox Builder (https://hugoblox.com)</generator><language>en-us</language><lastBuildDate>Tue, 01 Jan 2019 00:00:00 +0000</lastBuildDate>
    <image>
      <url>https://urskalbitzer.github.io/media/icon_hu_982c5d63a71b2961.png</url>
      <title>Long-Term Monitoring</title>
      <link>https://urskalbitzer.github.io/tags/long-term-monitoring/</link>
    </image>
    
    <item>
      <title>Group versus population level demographics: An analysis of comparability using long term data on wild white-faced capuchin monkeys (textitCebus capucinus imitator)</title>
      <link>https://urskalbitzer.github.io/publications/hogan-group-2019/</link>
      <pubDate>Tue, 01 Jan 2019 00:00:00 +0000</pubDate>
      <guid>https://urskalbitzer.github.io/publications/hogan-group-2019/</guid>
      <description></description>
    </item>
    
  </channel>
</rss>
