<?xml version="1.0" encoding="utf-8" standalone="yes" ?>
<rss version="2.0" xmlns:atom="http://www.w3.org/2005/Atom">
  <channel>
    <title>Academic | Urs Kalbitzer</title>
    <link>https://urskalbitzer.github.io/tags/academic/</link>
      <atom:link href="https://urskalbitzer.github.io/tags/academic/index.xml" rel="self" type="application/rss+xml" />
    <description>Academic</description>
    <generator>Hugo Blox Builder (https://hugoblox.com)</generator><language>en-us</language><lastBuildDate>Fri, 27 Oct 2023 00:00:00 +0000</lastBuildDate>
    <image>
      <url>https://urskalbitzer.github.io/media/icon_hu_982c5d63a71b2961.png</url>
      <title>Academic</title>
      <link>https://urskalbitzer.github.io/tags/academic/</link>
    </image>
    
    <item>
      <title>🎉 Easily create your own simple yet highly customizable blog</title>
      <link>https://urskalbitzer.github.io/blog/get-started/</link>
      <pubDate>Fri, 27 Oct 2023 00:00:00 +0000</pubDate>
      <guid>https://urskalbitzer.github.io/blog/get-started/</guid>
      <description>&lt;p&gt;Welcome 👋&lt;/p&gt;



&lt;details class=&#34;print:hidden xl:hidden&#34; open&gt;
  &lt;summary&gt;Table of Contents&lt;/summary&gt;
  &lt;div class=&#34;text-sm&#34;&gt;
  &lt;nav id=&#34;TableOfContents&#34;&gt;
  &lt;ul&gt;
    &lt;li&gt;&lt;a href=&#34;#overview&#34;&gt;Overview&lt;/a&gt;
      &lt;ul&gt;
        &lt;li&gt;&lt;a href=&#34;#get-started&#34;&gt;Get Started&lt;/a&gt;&lt;/li&gt;
      &lt;/ul&gt;
    &lt;/li&gt;
    &lt;li&gt;&lt;a href=&#34;#crowd-funded-open-source-software&#34;&gt;Crowd-funded open-source software&lt;/a&gt;
      &lt;ul&gt;
        &lt;li&gt;&lt;a href=&#34;#-click-here-to-become-a-sponsor-and-help-support-hugo-blox&#34;&gt;❤️ Click here to become a sponsor and help support Hugo Blox’s future ❤️&lt;/a&gt;&lt;/li&gt;
      &lt;/ul&gt;
    &lt;/li&gt;
    &lt;li&gt;&lt;a href=&#34;#ecosystem&#34;&gt;Ecosystem&lt;/a&gt;&lt;/li&gt;
    &lt;li&gt;&lt;a href=&#34;#inspiration&#34;&gt;Inspiration&lt;/a&gt;&lt;/li&gt;
    &lt;li&gt;&lt;a href=&#34;#features&#34;&gt;Features&lt;/a&gt;&lt;/li&gt;
    &lt;li&gt;&lt;a href=&#34;#themes&#34;&gt;Themes&lt;/a&gt;&lt;/li&gt;
    &lt;li&gt;&lt;a href=&#34;#license&#34;&gt;License&lt;/a&gt;&lt;/li&gt;
  &lt;/ul&gt;
&lt;/nav&gt;
  &lt;/div&gt;
&lt;/details&gt;

&lt;h2 id=&#34;overview&#34;&gt;Overview&lt;/h2&gt;
&lt;ol&gt;
&lt;li&gt;The Hugo Blox website builder for Hugo, along with its starter templates, is designed for professional creators, educators, and teams/organizations - although it can be used to create any kind of site&lt;/li&gt;
&lt;li&gt;The template can be modified and customised to suit your needs. It&amp;rsquo;s a good platform for anyone looking to take control of their data and online identity whilst having the convenience to start off with a &lt;strong&gt;no-code solution (write in Markdown and customize with YAML parameters)&lt;/strong&gt; and having &lt;strong&gt;flexibility to later add even deeper personalization with HTML and CSS&lt;/strong&gt;&lt;/li&gt;
&lt;li&gt;You can work with all your favourite tools and apps with hundreds of plugins and integrations to speed up your workflows, interact with your readers, and much more&lt;/li&gt;
&lt;/ol&gt;
&lt;h3 id=&#34;get-started&#34;&gt;Get Started&lt;/h3&gt;



  
  
  
  
  


















  
  
  
  


&lt;div class=&#34;callout flex px-4 py-3 mb-6 rounded-md border-l-4 bg-emerald-100 dark:bg-emerald-900 border-emerald-500&#34; 
     data-callout=&#34;tip&#34; 
     data-callout-metadata=&#34;&#34;&gt;
  &lt;span class=&#34;callout-icon pr-3 pt-1 text-emerald-600 dark:text-emerald-300&#34;&gt;
    &lt;svg height=&#34;24&#34; xmlns=&#34;http://www.w3.org/2000/svg&#34; viewBox=&#34;0 0 24 24&#34;&gt;&lt;path fill=&#34;none&#34; stroke=&#34;currentColor&#34; stroke-linecap=&#34;round&#34; stroke-linejoin=&#34;round&#34; stroke-width=&#34;1.5&#34; d=&#34;M12 18v-5.25m0 0a6.01 6.01 0 0 0 1.5-.189m-1.5.189a6.01 6.01 0 0 1-1.5-.189m3.75 7.478a12.06 12.06 0 0 1-4.5 0m3.75 2.383a14.406 14.406 0 0 1-3 0M14.25 18v-.192c0-.983.658-1.823 1.508-2.316a7.5 7.5 0 1 0-7.517 0c.85.493 1.509 1.333 1.509 2.316V18&#34;/&gt;&lt;/svg&gt;
  &lt;/span&gt;
  &lt;div class=&#34;callout-content dark:text-neutral-300&#34;&gt;
    &lt;div class=&#34;callout-title font-semibold mb-1&#34;&gt;Quick Start Guide&lt;/div&gt;
    &lt;div class=&#34;callout-body&#34;&gt;&lt;p&gt;New to Hugo Blox? Follow these steps to get your site up and running in minutes!&lt;/p&gt;&lt;/div&gt;
  &lt;/div&gt;
&lt;/div&gt;

&lt;ul&gt;
&lt;li&gt;👉 
&lt;/li&gt;
&lt;li&gt;📚 
&lt;/li&gt;
&lt;li&gt;💬 
 or 
&lt;/li&gt;
&lt;li&gt;🐦 Twitter: 
 
 #MadeWithHugoBlox&lt;/li&gt;
&lt;li&gt;💡 
&lt;/li&gt;
&lt;li&gt;⬆️ &lt;strong&gt;Updating Hugo Blox?&lt;/strong&gt; View the 
 and 
&lt;/li&gt;
&lt;/ul&gt;



  
  
  
  
  





  
  
  














  
  
  
  


&lt;div class=&#34;callout flex px-4 py-3 mb-6 rounded-md border-l-4 bg-purple-100 dark:bg-purple-900 border-purple-500&#34; 
     data-callout=&#34;important&#34; 
     data-callout-metadata=&#34;&#34;&gt;
  &lt;span class=&#34;callout-icon pr-3 pt-1 text-purple-600 dark:text-purple-300&#34;&gt;
    &lt;svg height=&#34;24&#34; xmlns=&#34;http://www.w3.org/2000/svg&#34; viewBox=&#34;0 0 24 24&#34;&gt;&lt;path fill=&#34;none&#34; stroke=&#34;currentColor&#34; stroke-linecap=&#34;round&#34; stroke-linejoin=&#34;round&#34; stroke-width=&#34;1.5&#34; d=&#34;M12 9v3.75m9-.75a9 9 0 1 1-18 0a9 9 0 0 1 18 0m-9 3.75h.008v.008H12z&#34;/&gt;&lt;/svg&gt;
  &lt;/span&gt;
  &lt;div class=&#34;callout-content dark:text-neutral-300&#34;&gt;
    &lt;div class=&#34;callout-title font-semibold mb-1&#34;&gt;Important&lt;/div&gt;
    &lt;div class=&#34;callout-body&#34;&gt;&lt;p&gt;Remember to backup your site before making major updates!&lt;/p&gt;&lt;/div&gt;
  &lt;/div&gt;
&lt;/div&gt;

&lt;h2 id=&#34;crowd-funded-open-source-software&#34;&gt;Crowd-funded open-source software&lt;/h2&gt;
&lt;p&gt;To help us develop this template and software sustainably under the MIT license, we ask all individuals and businesses that use it to help support its ongoing maintenance and development via sponsorship.&lt;/p&gt;
&lt;h3 id=&#34;-click-here-to-become-a-sponsor-and-help-support-hugo-blox&#34;&gt;
&lt;/h3&gt;
&lt;p&gt;As a token of appreciation for sponsoring, you can &lt;strong&gt;unlock 
 awesome rewards and extra features 🦄✨&lt;/strong&gt;&lt;/p&gt;
&lt;h2 id=&#34;ecosystem&#34;&gt;Ecosystem&lt;/h2&gt;
&lt;ul&gt;
&lt;li&gt;&lt;strong&gt;
:&lt;/strong&gt; Automatically import publications from BibTeX&lt;/li&gt;
&lt;/ul&gt;
&lt;h2 id=&#34;inspiration&#34;&gt;Inspiration&lt;/h2&gt;
&lt;p&gt;
 are building with this template.&lt;/p&gt;
&lt;h2 id=&#34;features&#34;&gt;Features&lt;/h2&gt;



  
  
  
  
  


















  
  
  
  


&lt;div class=&#34;callout flex px-4 py-3 mb-6 rounded-md border-l-4 bg-blue-100 dark:bg-blue-900 border-blue-500&#34; 
     data-callout=&#34;note&#34; 
     data-callout-metadata=&#34;&#34;&gt;
  &lt;span class=&#34;callout-icon pr-3 pt-1 text-blue-600 dark:text-blue-300&#34;&gt;
    &lt;svg height=&#34;24&#34; xmlns=&#34;http://www.w3.org/2000/svg&#34; viewBox=&#34;0 0 24 24&#34;&gt;&lt;path fill=&#34;none&#34; stroke=&#34;currentColor&#34; stroke-linecap=&#34;round&#34; stroke-linejoin=&#34;round&#34; stroke-width=&#34;1.5&#34; d=&#34;m16.862 4.487l1.687-1.688a1.875 1.875 0 1 1 2.652 2.652L6.832 19.82a4.5 4.5 0 0 1-1.897 1.13l-2.685.8l.8-2.685a4.5 4.5 0 0 1 1.13-1.897zm0 0L19.5 7.125&#34;/&gt;&lt;/svg&gt;
  &lt;/span&gt;
  &lt;div class=&#34;callout-content dark:text-neutral-300&#34;&gt;
    &lt;div class=&#34;callout-title font-semibold mb-1&#34;&gt;Enhanced Markdown Support&lt;br&gt;&lt;/div&gt;
    &lt;div class=&#34;callout-body&#34;&gt;&lt;p&gt;Hugo Blox now supports GitHub and Obsidian-style callouts! Use standard Markdown alert syntax like &lt;code&gt;&amp;gt; [!NOTE]&lt;/code&gt; for better portability.&lt;/p&gt;&lt;/div&gt;
  &lt;/div&gt;
&lt;/div&gt;

&lt;ul&gt;
&lt;li&gt;&lt;strong&gt;Page builder&lt;/strong&gt; - Create &lt;em&gt;anything&lt;/em&gt; with no-code 
 and 
&lt;/li&gt;
&lt;li&gt;&lt;strong&gt;Edit any type of content&lt;/strong&gt; - Blog posts, publications, talks, slides, projects, and more!&lt;/li&gt;
&lt;li&gt;&lt;strong&gt;Create content&lt;/strong&gt; in 
, 
, or 
&lt;/li&gt;
&lt;li&gt;&lt;strong&gt;Plugin System&lt;/strong&gt; - Fully customizable 
&lt;/li&gt;
&lt;li&gt;&lt;strong&gt;Display Code and Math&lt;/strong&gt; - Code syntax highlighting and LaTeX math supported&lt;/li&gt;
&lt;li&gt;&lt;strong&gt;Integrations&lt;/strong&gt; - 
, 
, Maps, Contact Forms, and more!&lt;/li&gt;
&lt;li&gt;&lt;strong&gt;Beautiful Site&lt;/strong&gt; - Simple and refreshing one-page design&lt;/li&gt;
&lt;li&gt;&lt;strong&gt;Industry-Leading SEO&lt;/strong&gt; - Help get your website found on search engines and social media&lt;/li&gt;
&lt;li&gt;&lt;strong&gt;Media Galleries&lt;/strong&gt; - Display your images and videos with captions in a customizable gallery&lt;/li&gt;
&lt;li&gt;&lt;strong&gt;Mobile Friendly&lt;/strong&gt; - Look amazing on every screen with a mobile friendly version of your site&lt;/li&gt;
&lt;li&gt;&lt;strong&gt;Multi-language&lt;/strong&gt; - 35+ language packs including English, 中文, and Português&lt;/li&gt;
&lt;li&gt;&lt;strong&gt;Multi-user&lt;/strong&gt; - Each author gets their own profile page&lt;/li&gt;
&lt;li&gt;&lt;strong&gt;Privacy Pack&lt;/strong&gt; - Assists with GDPR&lt;/li&gt;
&lt;li&gt;&lt;strong&gt;Stand Out&lt;/strong&gt; - Bring your site to life with animation, parallax backgrounds, and scroll effects&lt;/li&gt;
&lt;li&gt;&lt;strong&gt;One-Click Deployment&lt;/strong&gt; - No servers. No databases. Only files.&lt;/li&gt;
&lt;/ul&gt;



  
  
  
  
  


















  
  
  
  


&lt;div class=&#34;callout flex px-4 py-3 mb-6 rounded-md border-l-4 bg-orange-100 dark:bg-orange-900 border-orange-500&#34; 
     data-callout=&#34;warning&#34; 
     data-callout-metadata=&#34;&#34;&gt;
  &lt;span class=&#34;callout-icon pr-3 pt-1 text-orange-600 dark:text-orange-300&#34;&gt;
    &lt;svg height=&#34;24&#34; xmlns=&#34;http://www.w3.org/2000/svg&#34; viewBox=&#34;0 0 24 24&#34;&gt;&lt;path fill=&#34;none&#34; stroke=&#34;currentColor&#34; stroke-linecap=&#34;round&#34; stroke-linejoin=&#34;round&#34; stroke-width=&#34;1.5&#34; d=&#34;M12 9v3.75m-9.303 3.376c-.866 1.5.217 3.374 1.948 3.374h14.71c1.73 0 2.813-1.874 1.948-3.374L13.949 3.378c-.866-1.5-3.032-1.5-3.898 0zM12 15.75h.007v.008H12z&#34;/&gt;&lt;/svg&gt;
  &lt;/span&gt;
  &lt;div class=&#34;callout-content dark:text-neutral-300&#34;&gt;
    &lt;div class=&#34;callout-title font-semibold mb-1&#34;&gt;Version Requirements&lt;br&gt;&lt;/div&gt;
    &lt;div class=&#34;callout-body&#34;&gt;&lt;p&gt;The new Markdown alert syntax requires Hugo v0.132.0 or later. Make sure you&amp;rsquo;re using a compatible version!&lt;/p&gt;&lt;/div&gt;
  &lt;/div&gt;
&lt;/div&gt;

&lt;h2 id=&#34;themes&#34;&gt;Themes&lt;/h2&gt;
&lt;p&gt;Hugo Blox and its templates come with &lt;strong&gt;automatic day (light) and night (dark) mode&lt;/strong&gt; built-in. Visitors can choose their preferred mode by clicking the sun/moon icon in the header.&lt;/p&gt;
&lt;p&gt;
 for your site. Themes are fully customizable.&lt;/p&gt;
&lt;h2 id=&#34;license&#34;&gt;License&lt;/h2&gt;
&lt;p&gt;Copyright 2016-present 
.&lt;/p&gt;
&lt;p&gt;Released under the 
 license.&lt;/p&gt;
</description>
    </item>
    
  </channel>
</rss>
